C1,C2,R
0.0022264,1.8152,0.56202
0.0029874,1.9137,0.23825
0.0023837,1.2755,0.063778
0.0016652,0.69213,0.15358
0.0023096,0.57868,0.86021
0.0045833,0.60143,1.0333
0.0092469,0.58489,1.0377
0.018717,0.50594,1.0537
0.038173,0.37065,1.0838
0.078595,0.22272,1.1135
0.16278,0.11683,1.121
0.33607,0.062998,1.0879
0.6809,0.039315,0.98785
1.3018,0.028369,0.7472
1.9277,0.019748,0.20087
1.147,0.0075668,0.0041985
0.55088,0.0027201,0.0039098
0.28442,0.0011264,0.049903
0.31084,0.00090314,0.77826
0.61406,0.0012136,1.0145
1.191,0.0016559,0.80999
1.9135,0.0019863,0.31329
1.2982,0.0012173,0.0064024
0.60964,0.0005695,0.0032719
0.29132,0.00027878,0.034559
0.26447,0.0002329,0.68413
0.48534,0.00034189,1.0506
0.90279,0.00050804,0.91887
1.5231,0.00070609,0.61924
1.6949,0.00072986,0.1139
0.69081,0.00040622,0.0205
0.17649,0.00025837,0.28856
0.087314,0.00035403,1.1373
0.062009,0.00055118,1.1797
0.058237,0.00086053,1.1822
0.06888,0.0013437,1.1797
0.095933,0.0020963,1.1723
0.14846,0.0032634,1.1575
0.24387,0.0050583,1.1298
0.40918,0.007775,1.0793
0.67404,0.011756,0.98973
1.0308,0.017204,0.84033
1.3166,0.02359,0.63466
1.1296,0.029584,0.53597
0.39125,0.039419,0.91178
0.021035,0.060157,1.1677
0.0019929,0.093889,1.1779
0.00061258,0.14641,1.1669
0.00039842,0.22761,1.1482
0.00040759,0.35203,1.1185
0.0005453,0.53987,1.0713
0.00084848,0.816,0.99589
0.0014153,1.2011,0.87363
0.0023481,1.6749,0.67102
0.0033885,2.0267,0.33645
0.0028745,1.574,0.04886
0.0015724,0.85096,0.029444
0.0010717,0.54475,0.21217
0.0016679,0.67239,0.92874
0.0032717,0.99626,0.93699
0.0061984,1.4333,0.78255
0.010575,1.8944,0.51727
0.012919,1.9155,0.14204
0.008195,1.1458,0.025102
0.0046847,0.63039,0.066196
0.0049103,0.56314,0.62991
0.00938,0.81316,0.97535
0.018283,1.1932,0.86859
0.033291,1.6577,0.66097
0.050212,1.9804,0.31522
0.042201,1.4806,0.04202
0.023318,0.78978,0.029631
0.016489,0.51153,0.23709
0.02666,0.64105,0.94583
0.05264,0.9425,0.93581
0.099854,1.3411,0.77452
0.16893,1.7382,0.4918
0.19474,1.6497,0.11023
0.11711,0.91568,0.023123
0.068849,0.48293,0.090406
0.083572,0.44218,0.78403
0.16416,0.59217,0.99215
0.32145,0.78794,0.8799
0.58777,0.98034,0.6639
0.87337,1.0029,0.2824
0.67651,0.55698,0.033044
0.37915,0.19688,0.04757
0.34904,0.092558,0.51189
0.64934,0.080767,0.95725
1.2387,0.078452,0.75297
1.871,0.068042,0.22792
1.1564,0.030494,0.005072
0.55755,0.01184,0.0041931
0.2893,0.0051523,0.050339
0.31656,0.0042583,0.77146
0.62622,0.0058413,1.009
1.2148,0.0080731,0.79764
1.9259,0.0096499,0.28474
1.2656,0.005766,0.0053984
0.60811,0.0027048,0.0029811
0.30454,0.0013202,0.029814
0.28044,0.0010541,0.6126
0.54331,0.0015308,1.0304
1.0687,0.0022552,0.86054
1.8256,0.0029731,0.42573
1.4689,0.0021506,0.011232
0.70397,0.0010342,0.0025974
0.33782,0.00050354,0.017712
0.25214,0.00035249,0.42451
0.45278,0.00049814,1.0452
0.8758,0.00074623,0.93134
1.5498,0.0010447,0.61907
1.7592,0.001041,0.07611
0.79537,0.00053895,0.0066757
0.26742,0.00027478,0.048569
0.15609,0.00025998,0.86285
0.17293,0.00039663,1.1441
0.21018,0.00061444,1.1369
0.26674,0.00094915,1.1197
0.34124,0.0014594,1.0955
0.42176,0.0022302,1.067
0.47563,0.0033857,1.0433
0.44948,0.0051228,1.0436
0.31463,0.0077887,1.0832
0.1528,0.011986,1.1392
0.067828,0.01863,1.1711
0.040395,0.029075,1.1801
0.034859,0.045407,1.1792
0.040165,0.070855,1.1724
0.056259,0.11034,1.1591
0.089077,0.17117,1.1356
0.15123,0.26373,1.0948
0.26423,0.40117,1.0231
0.45615,0.59484,0.8947
0.73004,0.83172,0.65991
0.89752,0.96906,0.25876
0.49421,0.66695,0.037198
0.1591,0.38648,0.097642
0.093761,0.39714,0.81644
0.1009,0.59064,1.0145
0.12465,0.87873,0.92745
0.1619,1.2596,0.77104
0.20025,1.6562,0.50848
0.18209,1.6712,0.14649
0.088388,1.0232,0.032002
0.0414,0.59201,0.095448
0.040788,0.58594,0.72713
0.069303,0.85308,0.9469
0.12168,1.2354,0.8072
0.19788,1.6531,0.54144
0.23299,1.6958,0.14236
0.13667,0.99797,0.020288
0.071018,0.53266,0.051244
0.065411,0.44528,0.56296
0.11973,0.63802,0.98417
0.22863,0.93907,0.87189
0.40559,1.2987,0.62608
0.54859,1.4458,0.19531
0.34586,0.87942,0.015509
0.17121,0.44556,0.023627
0.1193,0.29749,0.30132
0.19846,0.39607,0.99134
0.38209,0.58923,0.92746
0.69342,0.83455,0.69713
0.99584,0.98317,0.24611
0.63672,0.6176,0.013264
0.28519,0.30629,0.015449
0.15771,0.18712,0.21848
0.22002,0.23815,1.0056
0.38658,0.35771,0.99225
0.65932,0.52232,0.83421
0.99386,0.70142,0.5392
0.96245,0.7021,0.12874
0.3722,0.42588,0.048385
0.11858,0.31865,0.41612
0.081385,0.44263,1.0336
0.075872,0.66446,1.0083
0.083924,0.9793,0.9107
0.10214,1.3853,0.74703
0.12206,1.7806,0.47479
0.10779,1.705,0.12403
0.054373,1.0006,0.033435
0.029016,0.57656,0.12868
0.034384,0.59019,0.82856
0.062263,0.81639,0.96255
0.1142,1.1119,0.84907
0.19878,1.4189,0.65996
0.29789,1.5581,0.37699
0.30244,1.1746,0.12216
0.22527,0.58178,0.14582
0.27931,0.33568,0.74982
0.5212,0.2285,0.96065
0.97117,0.14353,0.82944
1.6064,0.083155,0.48892
1.483,0.033786,0.040866
0.62237,0.0093971,0.012392
0.22656,0.0034724,0.16931
0.18585,0.0031478,1.0663
0.20716,0.0038722,1.1351
0.24134,0.0050974,1.1252
0.28528,0.0070107,1.1107
0.33149,0.0099287,1.094
0.36395,0.014338,1.0799
0.35938,0.020998,1.0761
0.30219,0.03114,1.0893
0.21107,0.046778,1.1152
0.13298,0.071071,1.1373
0.090625,0.10876,1.1447
0.075774,0.16689,1.1375
0.078656,0.25574,1.1162
0.096802,0.38974,1.0776
0.13323,0.58711,1.0129
0.19351,0.865,0.90573
0.27792,1.2181,0.72694
0.35206,1.5364,0.42996
0.28215,1.3769,0.096273
0.12209,0.79511,0.042646
0.062909,0.51894,0.24741
0.076876,0.62428,0.92619
0.12386,0.87724,0.92441
0.20181,1.1912,0.77604
0.30468,1.4774,0.53237
0.35065,1.4365,0.2032
0.23376,0.85586,0.070358
0.15798,0.44956,0.27791
0.22186,0.36662,0.95322
0.38445,0.3249,0.98755
0.66058,0.2681,0.90398
1.0634,0.20223,0.74079
1.4296,0.1349,0.46204
1.1782,0.071724,0.20531
0.47301,0.039062,0.51184
0.091837,0.036226,1.1256
0.015766,0.040545,1.1831
0.0059447,0.04946,1.1864
0.0042744,0.064095,1.1839
0.0046433,0.086724,1.1788
0.006501,0.12093,1.1705
0.010613,0.17202,1.1576
0.018972,0.24753,1.1374
0.035676,0.3576,1.1056
0.068643,0.51444,1.055
0.13208,0.72897,0.97288
0.24742,0.99874,0.83613
0.42846,1.2681,0.60144
0.57917,1.2918,0.22895
0.41298,0.74164,0.039794
0.24111,0.31422,0.10224
0.28118,0.20515,0.80117
0.51883,0.19158,0.98363
0.94471,0.18131,0.83184
1.5135,0.16054,0.49747
1.3999,0.097332,0.062064
0.53855,0.036421,0.029251
0.18445,0.019719,0.46932
0.12686,0.022887,1.136
0.10656,0.03025,1.159
0.10561,0.041787,1.158
0.12193,0.059454,1.1499
0.15819,0.086204,1.1333
0.22117,0.12626,1.1047
0.31965,0.18526,1.0582
0.45666,0.26973,0.98598
0.60886,0.38487,0.88305
0.69217,0.53002,0.76293
0.57195,0.70029,0.69031
0.26312,0.91813,0.74065
0.066186,1.2305,0.77397
0.019819,1.6082,0.65219
0.0092343,1.8773,0.40916
0.0048351,1.6367,0.1529
0.0023828,0.99011,0.12346
0.0020213,0.6857,0.6041
0.0032065,0.62519,1.0061
0.0058032,0.51688,1.0515
0.011094,0.34858,1.0961
0.022044,0.18528,1.1394
0.044895,0.087141,1.1625
0.092541,0.045075,1.1626
0.1912,0.028715,1.1406
0.3921,0.02245,1.0848
0.7843,0.020478,0.95968
1.4554,0.020111,0.67251
1.8677,0.016264,0.10201
0.96919,0.0069513,0.0036093
0.43017,0.0028987,0.008406
0.22417,0.0015166,0.18594
0.30365,0.0017791,1.0396
0.52676,0.0025716,1.0432
0.88438,0.0036977,0.91612
1.3287,0.0050853,0.69276
1.4896,0.0061556,0.3906
0.86042,0.0062704,0.36996
0.15523,0.0082166,1.0465
0.010497,0.012664,1.1899
0.0019818,0.019738,1.1948
0.00094771,0.030806,1.1929
0.00080999,0.048098,1.1891
0.00098579,0.07507,1.183
0.0014854,0.11704,1.1734
0.002543,0.18205,1.1582
0.0046891,0.28209,1.1341
0.0089959,0.43421,1.0957
0.017515,0.6608,1.0338
0.033828,0.98529,0.933
0.062784,1.4112,0.76453
0.10394,1.8353,0.4752
0.11511,1.7251,0.09827
0.067162,0.96852,0.021149
0.038506,0.53402,0.079833
0.04416,0.51075,0.72982
0.085578,0.74219,0.97591
0.16583,1.0774,0.84837
0.2956,1.4609,0.6004
0.39857,1.5801,0.18803
0.26056,0.94873,0.019163
0.13828,0.47154,0.034555
0.11488,0.32755,0.42716
0.20983,0.42521,1.0006
0.41445,0.5887,0.91365
0.76666,0.77138,0.68022
1.1135,0.82326,0.22881
0.73604,0.44814,0.013471
0.3711,0.18158,0.018527
0.25361,0.090668,0.26271
0.42432,0.095458,0.99179
0.83255,0.11903,0.90871
1.4924,0.14258,0.5811
1.6306,0.1176,0.050292
0.79644,0.052482,0.003988
0.35279,0.023223,0.017036
0.22434,0.014775,0.39834
0.34966,0.01969,1.0679
0.60368,0.028696,1.0111
0.98969,0.041048,0.85888
1.4008,0.055041,0.60247
1.344,0.062377,0.31602
0.59502,0.063737,0.49966
0.073674,0.089619,1.1096
0.0070528,0.13806,1.1647
0.0019457,0.21334,1.1508
0.0011688,0.32853,1.1238
0.0011308,0.50232,1.0806
0.0014476,0.75825,1.0119
0.0021553,1.118,0.90133
0.0033798,1.5735,0.72029
0.004927,1.9787,0.42071
0.0047975,1.7393,0.083537
0.0027278,0.96517,0.02957
0.0017313,0.56677,0.15503
0.0024503,0.61818,0.88746
0.0047985,0.86727,0.97061
0.0092713,1.1945,0.86438
0.016945,1.5546,0.7002
0.027599,1.8045,0.4714
0.035299,1.6443,0.2389
0.035389,1.0898,0.22093
0.048346,0.73063,0.71377
0.093142,0.47788,1.0126
0.18892,0.21633,1.0747
0.38651,0.07133,1.0658
0.7772,0.025493,0.95807
1.456,0.011775,0.67659
1.895,0.0054716,0.10065
1.0087,0.0015664,0.0029785
0.48436,0.00049131,0.0052042
0.26335,0.00019309,0.087704
0.34406,0.00016731,0.9135
0.68635,0.00021647,0.99518
1.3115,0.00028273,0.75627
1.9481,0.00031165,0.20823
1.1537,0.00016918,0.0043334
0.53479,7.82E-05,0.0042829
0.26103,3.93E-05,0.062758
0.284,3.83E-05,0.8663
0.52321,5.69E-05,1.0439
0.95059,8.40E-05,0.8991
1.5457,0.00011547,0.59311
1.6139,0.0001175,0.11717
0.60156,6.82E-05,0.03982
0.14493,5.42E-05,0.60958
0.058862,8.08E-05,1.1696
0.035264,0.00012607,1.1883
0.03112,0.00019712,1.1905
0.036736,0.0003083,1.1893
0.05266,0.00048201,1.1852
0.08533,0.00075273,1.1763
0.1487,0.0011725,1.1588
0.26883,0.0018168,1.1246
0.48903,0.0027848,1.058
0.86357,0.0041686,0.92824
1.3844,0.0058882,0.67966
1.6333,0.0069266,0.27225
0.79935,0.0052556,0.10126
0.17493,0.0050444,0.78444
0.033764,0.0076727,1.1787
0.011508,0.012004,1.1931
0.0074995,0.018797,1.1934
0.0076073,0.02943,1.1912
0.01019,0.046046,1.1869
0.01619,0.07196,1.1795
0.028505,0.11223,1.167
0.053259,0.17444,1.1458
0.10257,0.26948,1.1089
0.19903,0.41158,1.0431
0.37941,0.61429,0.92198
0.6779,0.8683,0.68807
0.95303,1.0179,0.24199
0.59682,0.64217,0.014722
0.25793,0.32226,0.019474
0.14462,0.20928,0.28415
0.20274,0.27881,1.0214
0.34266,0.41998,0.98906
0.56454,0.61483,0.83958
0.83041,0.83455,0.57238
0.84019,0.89352,0.18538
0.3567,0.59546,0.059563
0.11197,0.43869,0.33485
0.074393,0.58663,0.97327
0.0703,0.87315,0.94788
0.077943,1.2642,0.81141
0.091351,1.7067,0.57793
0.091394,1.8796,0.21681
0.051669,1.2473,0.03326
0.024424,0.68407,0.051968
0.019722,0.5488,0.47995
0.033449,0.76899,0.96493
0.061899,1.1292,0.87241
0.10894,1.5716,0.66094
0.15892,1.8683,0.30015
0.12502,1.3508,0.03457
0.066207,0.71029,0.02642
0.045195,0.45586,0.2287
0.071912,0.57351,0.94858
0.14095,0.85015,0.93309
0.26444,1.2149,0.74948
0.42868,1.5431,0.40521
0.39569,1.2488,0.042807
0.20744,0.64254,0.013955
0.11684,0.34937,0.087341
0.14281,0.35212,0.81349
0.27949,0.51664,0.97971
0.53678,0.74629,0.81264
0.90671,0.97226,0.4581
0.85901,0.79655,0.03607
0.43136,0.39184,0.0075928
0.2187,0.19405,0.044105
0.21127,0.16105,0.65942
0.39881,0.22873,1.0149
0.76222,0.32891,0.86735
1.3028,0.43445,0.52423
1.2948,0.37611,0.045546
0.58941,0.18381,0.0075212
0.23691,0.09133,0.056273
0.18833,0.084052,0.82633
0.27402,0.12317,1.0844
0.41255,0.18306,1.0285
0.5976,0.26777,0.93328
0.77442,0.37929,0.80233
0.78948,0.51144,0.67787
0.49426,0.66868,0.69053
0.1285,0.91104,0.83432
0.023467,1.2751,0.81201
0.0076974,1.7049,0.62998
0.0039279,1.9633,0.32284
0.0018471,1.4979,0.071038
0.00078194,0.81043,0.071949
0.00060901,0.57829,0.54637
0.00098742,0.65369,1.0072
0.0018055,0.74866,0.9983
0.0033958,0.8042,0.97553
0.0064955,0.78062,0.97366
0.012651,0.64407,1.006
0.025234,0.40586,1.0693
0.051583,0.17539,1.1302
0.10701,0.061016,1.1518
0.22238,0.024812,1.1322
0.45729,0.013548,1.0676
0.91135,0.0094908,0.91814
1.6442,0.0075844,0.56697
1.71,0.0045574,0.033953
0.83828,0.0016897,0.0026293
0.39259,0.00066712,0.010157
0.23934,0.0003515,0.23719
0.37979,0.00041631,1.0348
0.72329,0.00058566,0.98303
1.2982,0.00080523,0.75102
1.8329,0.00094355,0.26829
1.0423,0.00058819,0.015792
0.30481,0.0003022,0.054752
0.12158,0.00028913,0.89622
0.09085,0.00043981,1.1678
0.0846,0.00068156,1.1739
0.095477,0.0010583,1.1716
0.12489,0.0016436,1.1635
0.1804,0.0025487,1.1477
0.2755,0.0039364,1.1195
0.42704,0.0060316,1.0718
0.64231,0.0091099,0.99645
0.87971,0.01343,0.89352
0.98108,0.019176,0.80671
0.69439,0.027151,0.87322
0.15019,0.040479,1.1025
0.013382,0.062861,1.1781
0.0029851,0.098136,1.1769
0.001564,0.15297,1.1651
0.0014023,0.23769,1.1455
0.0017395,0.36733,1.1143
0.0026108,0.56262,1.0647
0.0043445,0.8485,0.98521
0.0075154,1.2437,0.85583
0.012625,1.7177,0.64027
0.017774,2.0152,0.2887
0.013917,1.4591,0.038636
0.0075672,0.78251,0.033168
0.0055687,0.53158,0.28175
0.0092774,0.69187,0.95561
0.018203,1.0242,0.9237
0.034212,1.4629,0.75607
0.056944,1.8941,0.46725
0.063173,1.771,0.098355
0.037363,0.99958,0.022801
0.021912,0.55881,0.088115
0.026056,0.54862,0.75281
0.050737,0.79888,0.97227
0.098386,1.159,0.84699
0.17605,1.5749,0.61244
0.24606,1.7516,0.22605
0.17452,1.1221,0.026098
0.094983,0.56825,0.038001
0.079633,0.39532,0.42057
0.14501,0.50703,0.99644
0.28713,0.695,0.92566
0.53918,0.90782,0.73429
0.86275,1.0265,0.37358
0.75762,0.68301,0.038047
0.40665,0.26894,0.023224
0.27841,0.11475,0.2326
0.45379,0.099457,0.96169
0.89223,0.10672,0.88851
1.5884,0.11162,0.53376
1.5905,0.076498,0.030214
0.78877,0.030738,0.0030624
0.38421,0.012705,0.012774
0.25979,0.0071257,0.27749
0.44702,0.0087288,1.0204
0.88769,0.012286,0.92486
1.6091,0.016359,0.58531
1.7336,0.014566,0.040747
0.85113,0.0070468,0.0027609
0.39216,0.0033454,0.010122
0.23251,0.0020076,0.23868
0.35926,0.0026118,1.0415
0.66792,0.0039291,0.99956
1.1789,0.0057089,0.8003
1.7288,0.0073301,0.39789
1.2033,0.0057203,0.041607
0.32786,0.003263,0.098041
0.097912,0.0036051,1.015
0.047588,0.0055781,1.1808
0.034125,0.0087155,1.1872
0.034513,0.013626,1.1867
0.044547,0.021294,1.1826
0.067405,0.033238,1.1737
0.11246,0.051752,1.1571
0.19808,0.080186,1.1261
0.35591,0.12306,1.0681
0.63017,0.18515,0.95881
1.0417,0.26619,0.75223
1.3928,0.33582,0.38348
0.91773,0.27918,0.079617
0.24473,0.19463,0.24805
0.07411,0.25311,1.0482
0.033801,0.38772,1.0953
0.023911,0.59153,1.0486
0.023791,0.88806,0.96532
0.029097,1.2922,0.82692
0.038279,1.7569,0.59443
0.043481,1.9625,0.22825
0.02762,1.3111,0.031482
0.014017,0.70672,0.042997
0.011212,0.53379,0.41169
0.019436,0.73518,0.97109
0.037236,1.0846,0.89753
0.067973,1.5291,0.70739
0.10661,1.9016,0.38007
0.099019,1.5511,0.054586
0.054564,0.83128,0.023203
0.03427,0.49296,0.14603
0.048587,0.55931,0.88642
0.095595,0.824,0.95488
0.18277,1.1855,0.80015
0.31358,1.562,0.51285
0.36343,1.4997,0.10256
0.21019,0.81815,0.016251
0.11509,0.41949,0.056875
0.11902,0.35217,0.65373
0.2296,0.48633,0.99646
0.44924,0.67979,0.87057
0.80587,0.8835,0.59482
1.0187,0.85703,0.12322
0.58521,0.42289,0.010535
0.30004,0.17804,0.030075
0.25091,0.10814,0.46803
0.46445,0.12735,1.007
0.90742,0.16162,0.86665
1.5738,0.1907,0.48751
1.4471,0.13714,0.023519
0.69337,0.059532,0.0039413
0.32179,0.026463,0.024455
0.2462,0.018463,0.52638
0.42472,0.025183,1.0541
0.77128,0.036258,0.95368
1.297,0.050195,0.71789
1.6758,0.058992,0.28496
0.89768,0.040959,0.04698
0.213,0.027987,0.33728
0.065582,0.038578,1.1377
0.030379,0.05959,1.1757
0.022393,0.09239,1.1722
0.023656,0.14322,1.1606
0.031707,0.22147,1.1402
0.049226,0.34072,1.1064
0.083036,0.51908,1.0503
0.14496,0.77653,0.95607
0.24951,1.1196,0.79328
0.38894,1.4747,0.50279
0.40487,1.4121,0.10218
0.20706,0.78678,0.019966
0.10096,0.42853,0.082098
0.10301,0.41236,0.76443
0.1808,0.59489,0.98659
0.32306,0.8551,0.85917
0.53574,1.149,0.61165
0.67052,1.2361,0.19961
0.39239,0.74158,0.024781
0.17434,0.36913,0.062835
0.14314,0.29633,0.69058
0.224,0.38491,1.0247
0.36927,0.51001,0.94794
0.58695,0.65146,0.80271
0.82864,0.76324,0.57328
0.86169,0.72956,0.294
0.51329,0.51684,0.23825
0.24384,0.41617,0.76787
0.11478,0.40972,1.034
0.060202,0.39608,1.0715
0.043398,0.36285,1.0886
0.04289,0.31158,1.1032
0.053684,0.25113,1.1166
0.078828,0.19385,1.1252
0.12803,0.14891,1.1237
0.22015,0.11875,1.1055
0.3869,0.10104,1.0599
0.67069,0.092048,0.96708
1.0887,0.087727,0.7925
1.474,0.081754,0.49879
1.2082,0.063693,0.22413
0.42972,0.049738,0.56444
0.057139,0.060467,1.1393
0.0085687,0.081959,1.1771
0.0032147,0.11478,1.1726
0.0023321,0.16403,1.1617
0.0025475,0.23721,1.1445
0.0035626,0.34473,1.1183
0.0057589,0.49994,1.0784
0.010073,0.71759,1.018
0.018194,1.0076,0.9265
0.032569,1.3574,0.78865
0.054729,1.6857,0.58539
0.077497,1.7537,0.32254
0.078921,1.2893,0.15877
0.078632,0.76916,0.35778
0.13175,0.53421,0.92735
0.26045,0.31541,1.0212
0.51985,0.13735,0.99873
1.0104,0.053461,0.85563
1.7383,0.022745,0.46835
1.5237,0.0073712,0.018318
0.72017,0.0018807,0.0034648
0.32841,0.00058479,0.023634
0.24584,0.00032019,0.53592
0.41614,0.00037005,1.0638
0.74185,0.0004752,0.97358
1.2324,0.00061296,0.76754
1.6508,0.00072046,0.40046
1.1013,0.0005904,0.10589
0.28264,0.00046637,0.47977
0.04991,0.0006579,1.1607
0.013124,0.0010083,1.1945
0.0070506,0.0015578,1.1973
0.0063384,0.0024175,1.1976
0.0078976,0.0037623,1.1969
0.012037,0.0058657,1.1954
0.020746,0.0091544,1.1924
0.0385,0.014289,1.1865
0.07458,0.022281,1.175
0.1477,0.034642,1.1522
0.29415,0.053499,1.1062
0.57816,0.081358,1.0112
1.0824,0.11904,0.80886
1.7005,0.15244,0.36525
1.2034,0.1067,0.014932
0.46117,0.052655,0.012035
0.17368,0.032052,0.24311
0.16339,0.042599,1.0942
0.19944,0.065712,1.1243
0.25628,0.10113,1.0986
0.33326,0.15448,1.0593
0.41944,0.2333,1.0055
0.4814,0.34682,0.94148
0.4612,0.5062,0.8834
0.32488,0.72811,0.85117
0.15558,1.038,0.82043
0.064323,1.4458,0.71363
0.031675,1.859,0.4773
0.016143,1.836,0.14056
0.0060576,1.1245,0.033642
0.0026262,0.65509,0.097917
0.0025291,0.64875,0.7209
0.0042714,0.94206,0.94285
0.0075519,1.3626,0.80974
0.012567,1.8318,0.56487
0.016137,1.9713,0.19184
0.010867,1.2531,0.028284
0.0060304,0.67654,0.051135
0.0055576,0.54424,0.50585
0.010284,0.76218,0.97888
0.020111,1.1136,0.89404
0.037195,1.553,0.70982
0.059467,1.9216,0.40315
0.059748,1.6276,0.076136
0.035189,0.8788,0.032821
0.024331,0.51725,0.20661
0.038034,0.56788,0.94146
0.075659,0.75002,0.97955
0.1477,0.96347,0.88332
0.27432,1.1593,0.73598
0.46183,1.2269,0.52375
0.63008,0.98402,0.27746
0.64113,0.47703,0.18534
0.73308,0.16216,0.43865
1.1992,0.060265,0.65195
1.8038,0.024205,0.27112
1.2195,0.006525,0.0090138
0.59441,0.0017017,0.0061096
0.31615,0.0005702,0.064512
0.36676,0.00040646,0.80565
0.72081,0.00048431,0.97972
1.3657,0.00059794,0.72955
1.9414,0.00061466,0.1657
1.093,0.00031319,0.0038264
0.50337,0.00014232,0.0049857
0.2498,7.22E-05,0.08332
0.29363,7.49E-05,0.92854
0.53874,0.00011102,1.0401
0.96676,0.00016288,0.8917
1.5442,0.00022244,0.58718
1.5816,0.00022705,0.12785
0.57506,0.00013708,0.057349
0.13379,0.00012225,0.76644
0.046677,0.00018538,1.1774
0.025422,0.00028944,1.1914
0.021604,0.00045265,1.1933
0.025275,0.00070819,1.1926
0.036412,0.0011079,1.1896
0.059749,0.0017318,1.1832
0.106,0.0027024,1.1705
0.19622,0.0042012,1.1452
0.36868,0.0064802,1.0947
0.68363,0.0098257,0.99348
1.1946,0.014295,0.7886
1.7169,0.018265,0.38429
1.1549,0.014192,0.044499
0.30357,0.0084102,0.13119
0.089514,0.0099383,1.0604
0.041326,0.015428,1.1811
0.029076,0.024113,1.1854
0.029348,0.037691,1.1829
0.038051,0.058858,1.176
0.057944,0.091729,1.1631
0.097288,0.14244,1.1403
0.17223,0.21969,1.0998
0.3103,0.33455,1.0267
0.54801,0.4962,0.89207
0.88825,0.69076,0.63813
1.0578,0.77606,0.20719
0.5245,0.49562,0.030467
0.16093,0.29286,0.13323
0.098234,0.33365,0.93614
0.098905,0.50341,1.0424
0.11525,0.75567,0.96895
0.14529,1.1026,0.84144
0.18317,1.5145,0.6282
0.19592,1.7666,0.28703
0.11851,1.3001,0.046307
0.051368,0.723,0.04706
0.034709,0.54328,0.38435
0.052815,0.7379,0.95008
0.093,1.0829,0.87458
0.15796,1.5087,0.66332
0.22344,1.7946,0.29885
0.16903,1.2909,0.033435
0.086101,0.6775,0.026254
0.057122,0.43628,0.2334
0.089278,0.55176,0.95194
0.17209,0.81859,0.93153
0.31804,1.169,0.74217
0.50379,1.4735,0.38407
0.43712,1.1503,0.03581
0.22117,0.58827,0.013965
0.1227,0.32537,0.099685
0.15314,0.34298,0.85247
0.29454,0.50798,0.97837
0.55445,0.73731,0.80755
0.91478,0.9635,0.45141
0.83884,0.79308,0.037108
0.39902,0.3981,0.0092774
0.18849,0.20706,0.064081
0.18629,0.19643,0.79139
0.3257,0.28952,1.0259
0.57441,0.42628,0.90395
0.9333,0.592,0.66042
1.1401,0.67718,0.24126
0.59149,0.44994,0.038059
0.17338,0.27203,0.16523
0.095251,0.31921,0.97709
0.082846,0.47485,1.0553
0.087096,0.70348,0.99366
0.10429,1.0185,0.88799
0.13218,1.4072,0.71574
0.15812,1.7437,0.43874
0.13449,1.5771,0.11828
0.069315,0.90675,0.051184
0.043956,0.55462,0.27262
0.063131,0.59261,0.94845
0.11384,0.71745,0.97072
0.20732,0.82992,0.89592
0.36916,0.88048,0.79357
0.6234,0.80384,0.66099
0.95239,0.55782,0.49634
1.2067,0.23669,0.31102
1.1126,0.057491,0.18162
0.81232,0.014302,0.2889
0.67739,0.0067471,0.80005
0.46093,0.0050093,1.0087
0.15116,0.004704,1.1311
0.034246,0.0051868,1.1841
0.013294,0.0063533,1.1938
0.0093768,0.0083597,1.1952
0.0099597,0.011565,1.1945
0.013703,0.01657,1.1924
0.022115,0.024326,1.1885
0.039316,0.036307,1.1812
0.073972,0.054746,1.1677
0.1434,0.082931,1.1419
0.28062,0.12537,1.092
0.5423,0.1871,0.99263
0.9957,0.26869,0.788
1.5244,0.33707,0.35719
1.0673,0.23592,0.018852
0.39367,0.11678,0.018396
0.15553,0.077044,0.35747
0.15063,0.10647,1.1004
0.17996,0.1624,1.1068
0.22857,0.24686,1.0704
0.29671,0.37144,1.0131
0.37602,0.54886,0.92762
0.43738,0.78627,0.80767
0.42528,1.0697,0.65616
0.30193,1.3428,0.49594
0.14307,1.5104,0.35755
0.054598,1.4931,0.2567
0.023608,1.3392,0.23759
0.014937,1.2716,0.36798
0.014804,1.4257,0.55088
0.018293,1.6685,0.51575
0.022161,1.7389,0.33876
0.022511,1.4177,0.21262
0.0235,1.0098,0.38051
0.037274,0.81966,0.84929
0.070699,0.59449,0.98952
0.13974,0.29646,1.0623
0.28221,0.095129,1.0872
0.56838,0.029214,1.0253
1.1006,0.011906,0.84138
1.8302,0.0060294,0.40115
1.4038,0.0021639,0.011628
0.63034,0.00064328,0.0041748
0.26964,0.00023049,0.045655
0.22864,0.00016661,0.80511
0.36431,0.00021168,1.0887
0.59082,0.00028529,1.0208
0.90265,0.0003886,0.90064
1.1901,0.00051823,0.73722
1.1394,0.00066211,0.64218
0.5139,0.00087844,0.89557
0.035589,0.0013073,1.1704
0.0027971,0.0020158,1.1979
0.00074824,0.0031271,1.199
0.00044949,0.0048661,1.1988
0.00044271,0.0075879,1.1982
0.00058867,0.011848,1.1972
0.00093896,0.018516,1.1957
0.0016719,0.028945,1.1931
0.0031807,0.045243,1.1891
0.0062937,0.070671,1.1826
0.012736,0.11023,1.1719
0.026061,0.17145,1.1542
0.05347,0.2654,1.1243
0.10906,0.40723,1.0726
0.21843,0.61439,0.98052
0.41879,0.89407,0.80928
0.70959,1.1783,0.47258
0.70736,1.0168,0.047183
0.36355,0.51882,0.0086461
0.18621,0.26547,0.042383
0.17632,0.22234,0.61639
0.33326,0.32291,1.0081
0.6429,0.4759,0.86602
1.1152,0.64473,0.53366
1.1608,0.58395,0.0508
0.56313,0.29539,0.0062546
0.25139,0.14748,0.031073
0.19087,0.11634,0.57434
0.31532,0.16898,1.0524
0.54967,0.25353,0.96617
0.90348,0.36556,0.7783
1.2379,0.47237,0.44571
0.9358,0.43077,0.10894
0.27961,0.29824,0.1837
0.085027,0.35583,0.95856
0.039615,0.53657,1.0527
0.027657,0.80592,0.98682
0.026563,1.18,0.86811
0.030445,1.6372,0.66926
0.034375,1.9753,0.34233
0.025144,1.5497,0.054469
0.012499,0.83873,0.033889
0.008273,0.54131,0.24752
0.012742,0.66321,0.94578
0.024323,0.94708,0.94238
0.045469,1.3119,0.80597
0.078672,1.6846,0.58704
0.11028,1.7894,0.27316
0.09487,1.2196,0.077623
0.069188,0.63623,0.16761
0.097833,0.4769,0.86674
0.19368,0.42027,1.0211
0.38676,0.33409,0.98588
0.75535,0.23182,0.8849
1.3724,0.13969,0.62995
1.7568,0.063576,0.11221
0.95772,0.016084,0.0053761
0.45841,0.0044065,0.011693
0.27953,0.0017477,0.20848
0.43253,0.0016555,1.0004
0.82373,0.0020154,0.94724
1.4554,0.0024667,0.66901
1.8062,0.0024213,0.13671
0.84744,0.0012457,0.010416
0.25192,0.00062316,0.072495
0.12864,0.00062963,0.97115
0.11484,0.00094523,1.162
0.12023,0.0014445,1.1634
0.14343,0.002218,1.1571
0.18841,0.0034118,1.144
0.26224,0.0052422,1.1217
0.37171,0.0080187,1.0867
0.5129,0.01216,1.0371
0.64817,0.018205,0.98001
0.6782,0.026912,0.94766
0.47898,0.039853,0.99844
0.15952,0.060467,1.1132
0.034868,0.093675,1.1633
0.012938,0.14575,1.1624
0.0088085,0.22634,1.1456
0.009068,0.34976,1.1162
0.012044,0.53592,1.0685
0.018506,0.80907,0.99156
0.030389,1.1885,0.86571
0.049395,1.649,0.65478
0.068583,1.9589,0.30542
0.053637,1.4453,0.040075
0.028423,0.77163,0.0304
0.019841,0.5078,0.2503
0.0319,0.64602,0.94893
0.062204,0.95418,0.9291
0.11656,1.3607,0.75894
0.19284,1.7523,0.45688
0.20503,1.5799,0.080858
0.11635,0.85619,0.019719
0.067441,0.46571,0.090292
0.081978,0.4531,0.78845
0.16041,0.64411,0.98075
0.31104,0.9078,0.84643
0.55167,1.1861,0.58213
0.70958,1.1841,0.14874
0.43394,0.62523,0.016656
0.23311,0.27415,0.047702
0.22667,0.18288,0.60905
0.43312,0.21167,1.0029
0.84398,0.25429,0.85755
1.4655,0.28208,0.49845
1.4139,0.19476,0.031455
0.69249,0.077277,0.0050401
0.33102,0.031333,0.029315
0.27181,0.020871,0.5623
0.4825,0.026873,1.0373
0.88721,0.036723,0.91193
1.4777,0.047949,0.6175
1.6388,0.047821,0.12662
0.6645,0.02638,0.026461
0.16758,0.017383,0.36728
0.078845,0.02404,1.1435
0.052944,0.036855,1.1743
0.048504,0.056824,1.1724
0.057026,0.087769,1.1635
0.079657,0.13547,1.1462
0.124,0.20833,1.1161
0.20467,0.31776,1.0639
0.34309,0.47669,0.97319
0.55595,0.69074,0.81377
0.79432,0.92036,0.53507
0.74968,0.94184,0.15859
0.3006,0.6092,0.062923
0.10321,0.46193,0.38439
0.076724,0.62105,0.97249
0.077783,0.9095,0.93295
0.090008,1.2909,0.79214
0.10735,1.6982,0.55828
0.10731,1.809,0.21583
0.06293,1.1869,0.045601
0.032702,0.64868,0.097783
0.033965,0.55994,0.7268
0.060457,0.70298,0.98789
0.1123,0.87733,0.92327
0.20513,1.0327,0.82037
0.35789,1.0972,0.68779
0.57506,0.97189,0.53874
0.82366,0.62009,0.42152
1.074,0.23242,0.38149
1.2991,0.054007,0.31675
1.2218,0.01198,0.17354
0.80401,0.003261,0.20481
0.5673,0.0016905,0.7716
0.35339,0.0014464,1.0549
0.12535,0.0015116,1.1473
0.039682,0.0017942,1.1841
0.020163,0.002316,1.1927
0.016625,0.0031658,1.1942
0.019241,0.0045031,1.1934
0.027685,0.0065852,1.1908
0.045609,0.0098144,1.1853
0.081512,0.014808,1.1745
0.15247,0.02249,1.1533
0.29077,0.034169,1.1112
0.55152,0.051438,1.0266
1.0033,0.075193,0.85369
1.5902,0.10004,0.4951
1.3823,0.087135,0.053306
0.46558,0.046458,0.032773
0.13474,0.036268,0.59429
0.079048,0.053678,1.151
0.062348,0.083278,1.1613
0.063549,0.1292,1.1514
0.079032,0.19986,1.1306
0.11237,0.30735,1.0946
0.1726,0.46753,1.0337
0.27229,0.69675,0.93086
0.41616,0.99582,0.75515
0.55233,1.2843,0.45659
0.45293,1.1955,0.10625
0.1775,0.71654,0.048062
0.076983,0.50507,0.29458
0.079508,0.65355,0.9373
0.10909,0.95765,0.90629
0.15561,1.3511,0.73527
0.20466,1.7158,0.44347
0.18033,1.5555,0.095875
0.088668,0.87761,0.031833
0.048611,0.51831,0.1598
0.061502,0.56577,0.88428
0.11064,0.78954,0.95596
0.19927,1.0765,0.82579
0.33494,1.3607,0.60321
0.45209,1.4064,0.2647
0.34936,0.87526,0.061822
0.22015,0.39648,0.14551
0.27526,0.26414,0.85197
0.49738,0.22357,0.97939
0.88552,0.18526,0.84931
1.4135,0.14419,0.57087
1.5033,0.087579,0.14062
0.63172,0.033269,0.052945
0.19016,0.018683,0.62099
0.085947,0.020866,1.1545
0.050298,0.026378,1.1769
0.041471,0.035336,1.179
0.045697,0.049264,1.1753
0.061736,0.070571,1.1663
0.095131,0.10287,1.1495
0.15846,0.1513,1.1198
0.27379,0.2226,1.0669
0.47266,0.32372,0.97216
0.77636,0.45505,0.80158
1.0945,0.5832,0.50359
0.95272,0.56,0.1497
0.342,0.37639,0.14101
0.11035,0.38357,0.83978
0.05392,0.53994,1.0405
0.037304,0.76579,0.99097
0.035001,1.0611,0.89862
0.039926,1.4044,0.75872
0.049019,1.7013,0.55972
0.055855,1.7197,0.32616
0.052591,1.2899,0.21908
0.057279,0.85682,0.52211
0.095822,0.58432,0.9514
0.18135,0.28579,1.0509
0.35369,0.090818,1.0662
0.68649,0.028068,0.98533
1.2621,0.011443,0.76532
1.8587,0.0055119,0.27815
1.1222,0.0017812,0.011342
0.38867,0.0005499,0.021731
0.156,0.00029016,0.53166
0.14435,0.00033608,1.1425
0.15813,0.00044117,1.152
0.18905,0.00060806,1.1434
0.23972,0.00086561,1.1282
0.31169,0.0012576,1.1056
0.3994,0.001848,1.076
0.47937,0.0027286,1.0451
0.5004,0.0040383,1.0294
0.40375,0.0060162,1.0532
0.21788,0.0091001,1.1146
0.087229,0.013993,1.1634
0.041771,0.021709,1.1805
0.030088,0.033789,1.1829
0.030794,0.052635,1.1791
0.040203,0.081944,1.1701
0.061351,0.12731,1.1539
0.10283,0.19694,1.1257
0.18102,0.30216,1.0762
0.32252,0.45626,0.98818
0.55722,0.66613,0.82747
0.85645,0.89243,0.52784
0.84241,0.87206,0.10744
0.34864,0.4995,0.029142
0.12365,0.31587,0.2155
0.10359,0.39677,0.98697
0.12404,0.59595,1.0104
0.16184,0.88138,0.91166
0.21452,1.2506,0.74532
0.26024,1.6109,0.47033
0.21738,1.5463,0.12495
0.097983,0.92928,0.03864
0.047204,0.5708,0.15789
0.05241,0.63299,0.84834
0.086612,0.90613,0.92801
0.14596,1.2656,0.77793
0.22721,1.6165,0.51628
0.25853,1.5752,0.15466
0.1586,0.90408,0.038573
0.095678,0.46947,0.15277
0.12677,0.4189,0.89458
0.23804,0.47561,0.99863
0.44714,0.52259,0.91012
0.8007,0.52798,0.74455
1.2492,0.44513,0.4396
1.1981,0.22685,0.082596
0.5919,0.064068,0.049725
0.33806,0.025628,0.48383
0.35854,0.021801,1.0574
0.38055,0.022689,1.0697
0.35268,0.026147,1.0744
0.26915,0.032566,1.0982
0.17043,0.043086,1.1295
0.10439,0.059603,1.1502
0.075341,0.084983,1.1558
0.069144,0.12353,1.1501
0.078588,0.18154,1.1343
0.10437,0.26789,1.1059
0.15298,0.3941,1.0585
0.23516,0.57258,0.98062
0.36028,0.8087,0.8525
0.51249,1.0738,0.64342
0.57982,1.2219,0.33311
0.36724,0.96017,0.10832
0.15121,0.61738,0.20506
0.1076,0.60474,0.83931
0.11547,0.72422,0.95804
0.13988,0.83966,0.91273
0.18122,0.90536,0.86194
0.24339,0.87164,0.82964
0.33307,0.70027,0.83757
0.45974,0.4147,0.88482
0.62225,0.15813,0.9215
0.76743,0.047699,0.90694
0.751,0.01758,0.90302
0.4312,0.0091782,1.0107
0.089689,0.0066135,1.1527
0.016086,0.0060196,1.1914
0.0062591,0.0064171,1.1963
0.0045912,0.0076439,1.1968
0.0050563,0.0098504,1.1963
0.0071574,0.01342,1.195
0.01181,0.019012,1.1925
0.021381,0.027677,1.188
0.040897,0.041041,1.1798
0.080682,0.061558,1.1644
0.1614,0.092796,1.1347
0.32251,0.1395,1.0762
0.63077,0.20634,0.95726
1.1526,0.29005,0.70441
1.5903,0.32841,0.18928
0.88436,0.18652,0.0080481
0.34839,0.090339,0.017434
0.1741,0.060271,0.38096
0.21604,0.083642,1.0896
0.31144,0.12684,1.076
0.44706,0.19066,1.0128
0.60405,0.28117,0.92164
0.70639,0.40236,0.81463
0.61528,0.55701,0.74896
0.30113,0.76807,0.7983
0.072107,1.0849,0.83916
0.019207,1.5108,0.7227
0.0084308,1.9214,0.46096
0.0041646,1.8141,0.11964
0.0015707,1.0575,0.033976
0.0007362,0.6087,0.13494
0.0008263,0.62342,0.84381
0.0014459,0.85161,0.97325
0.0026257,1.1462,0.88122
0.004675,1.4617,0.74488
0.007796,1.6928,0.57321
0.011558,1.6635,0.41819
0.015852,1.3355,0.43873
0.025487,0.92609,0.76288
0.04897,0.43725,1.0227
0.1003,0.089145,1.1361
0.20873,0.0143,1.1379
0.43091,0.0037644,1.0785
0.86426,0.0015926,0.93824
1.5859,0.00090802,0.61012
1.7943,0.00045774,0.049313
0.90016,0.0001455,0.0025478
0.42752,5.09E-05,0.0073539
0.24611,2.31E-05,0.1548
0.36614,2.39E-05,0.99827
0.71665,3.23E-05,0.98612
1.328,4.31E-05,0.74342
1.8991,4.83E-05,0.21544
1.069,2.72E-05,0.0072751
0.39826,1.30E-05,0.015198
0.17189,8.58E-06,0.39235
0.18397,1.20E-05,1.1223
0.2328,1.84E-05,1.1304
0.30382,2.82E-05,1.1086
0.39273,4.30E-05,1.079
0.47856,6.52E-05,1.0468
0.51182,9.83E-05,1.0275
0.42834,0.00014826,1.0466
0.23982,0.00022596,1.1084
0.094481,0.00034951,1.1634
0.042514,0.00054507,1.1848
0.02899,0.00085232,1.1906
0.028645,0.0013337,1.1912
0.036697,0.0020867,1.1891
0.055621,0.0032628,1.1838
0.093547,0.005094,1.1732
0.16703,0.0079279,1.1523
0.3065,0.01226,1.1113
0.56119,0.018707,1.0309
0.9857,0.027699,0.87307
1.5222,0.037861,0.56723
1.4837,0.038754,0.13907
0.51819,0.025259,0.10017
0.11549,0.026595,0.93964
0.033565,0.040949,1.1753
0.016698,0.063941,1.18
0.013718,0.099797,1.1734
0.015861,0.15544,1.1603
0.02273,0.24124,1.1384
0.037046,0.37208,1.1025
0.064758,0.56778,1.0435
0.11612,0.84967,0.94465
0.20394,1.2225,0.77424
0.32105,1.5941,0.47025
0.32448,1.4588,0.080457
0.16883,0.79605,0.017883
0.087941,0.43743,0.079925
0.095448,0.4273,0.75698
0.17635,0.62867,0.97937
0.32739,0.91943,0.83749
0.55314,1.2429,0.55168
0.63649,1.2416,0.10847
0.33828,0.68519,0.01293
0.15935,0.35479,0.042047
0.13225,0.29041,0.57078
0.22828,0.41933,1.0114
0.41479,0.62236,0.9035
0.70392,0.87267,0.66412
0.92002,1.0061,0.2305
0.52943,0.64125,0.020451
0.19933,0.33631,0.042164
0.11887,0.27417,0.57292
0.15563,0.39768,1.0395
0.22847,0.59771,0.97578
0.33524,0.87291,0.8416
0.45419,1.1961,0.61822
0.47321,1.3823,0.28079
0.24995,1.0465,0.066724
0.087936,0.65835,0.11576
0.058748,0.65884,0.69093
0.072405,0.94538,0.91009
0.10021,1.3495,0.76589
0.13411,1.7625,0.49404
0.13069,1.7244,0.12509
0.06882,1.0113,0.026874
0.035718,0.56827,0.089614
0.038388,0.5505,0.73809
0.069924,0.79175,0.96586
0.12956,1.1352,0.8405
0.22369,1.5212,0.60573
0.3027,1.6615,0.22576
0.21117,1.0491,0.030202
0.11504,0.51821,0.05279
0.10727,0.37052,0.56207
0.19889,0.44914,1.0074
0.38677,0.56095,0.92749
0.71547,0.66238,0.74378
1.136,0.66941,0.39378
1.0085,0.39122,0.045171
0.51489,0.12742,0.028258
0.32926,0.049472,0.29305
0.48082,0.041664,0.98834
0.8064,0.043869,0.93045
1.2345,0.048008,0.72797
1.4698,0.049711,0.43428
0.96646,0.044528,0.32987
0.23222,0.049452,0.95272
0.016834,0.069394,1.1716
0.0027722,0.10105,1.1759
0.0012001,0.1492,1.1657
0.00095919,0.22194,1.1489
0.0011117,0.33078,1.1228
0.001606,0.49126,1.0826
0.0026275,0.7219,1.0203
0.00456,1.0384,0.92388
0.0079496,1.4337,0.77368
0.01297,1.817,0.54099
0.016821,1.8546,0.22925
0.013513,1.2138,0.077386
0.010527,0.67848,0.235
0.016477,0.5725,0.93529
0.03289,0.52792,1.043
0.066568,0.43104,1.0598
0.13557,0.29754,1.0756
0.27686,0.17402,1.0695
0.5602,0.094889,1.0065
1.0897,0.054609,0.82713
1.8178,0.032784,0.38572
1.393,0.012521,0.010225
0.6694,0.0038507,0.0032033
0.32726,0.0013747,0.024999
0.27421,0.00083534,0.53642
0.51053,0.0010282,1.0356
0.98586,0.0013656,0.89062
1.6962,0.0017159,0.51976
1.5841,0.0013758,0.030183
0.68133,0.00065444,0.0057591
0.24518,0.00032799,0.061291
0.17547,0.00032291,0.91771
0.22133,0.00048682,1.1313
0.29441,0.00074364,1.1118
0.39103,0.0011325,1.0802
0.49403,0.0017139,1.0425
0.55395,0.0025748,1.0132
0.49127,0.0038592,1.0226
0.28494,0.0058447,1.0882
0.10214,0.0090102,1.1566
0.03856,0.014037,1.1826
0.023083,0.021933,1.1876
0.02113,0.034286,1.186
0.025964,0.053565,1.1806
0.038526,0.083561,1.1705
0.064176,0.12999,1.1527
0.11422,0.20121,1.1216
0.20956,0.30852,1.0662
0.38381,0.46437,0.96509
0.67133,0.67072,0.7747
0.99987,0.86048,0.40971
0.78379,0.69381,0.043094
0.29408,0.36721,0.027541
0.12224,0.25158,0.33709
0.12459,0.34358,1.0385
0.16069,0.51999,1.0203
0.2184,0.77332,0.92422
0.29386,1.1064,0.76523
0.35499,1.4507,0.50648
0.2988,1.4828,0.16687
0.12861,0.96808,0.050877
0.053752,0.62558,0.16687
0.051,0.70664,0.81592
0.074776,1.0253,0.89244
0.11452,1.4449,0.71708
0.15897,1.8126,0.40446
0.139,1.542,0.068194
0.070759,0.8412,0.026348
0.041393,0.49997,0.15368
0.055681,0.56259,0.88787
0.10492,0.81427,0.95317
0.19464,1.1507,0.80504
0.32852,1.4945,0.53731
0.39697,1.4702,0.1419
0.24201,0.81341,0.024808
0.13643,0.39586,0.087734
0.15859,0.32344,0.78846
0.30317,0.38842,1.002
0.58013,0.4642,0.88478
1.0288,0.51463,0.63847
1.3722,0.43957,0.18857
0.81832,0.1837,0.017545
0.37053,0.061837,0.052305
0.28991,0.036799,0.70167
0.42279,0.040015,1.0527
0.62054,0.047831,0.99085
0.82651,0.059159,0.89714
0.89077,0.074151,0.82706
0.6024,0.09542,0.89909
0.13472,0.13132,1.0915
0.015906,0.18973,1.1475
0.0043176,0.27782,1.1339
0.002514,0.40744,1.103
0.0023675,0.59407,1.0548
0.0029617,0.85344,0.98122
0.0043168,1.1912,0.86937
0.0066384,1.5737,0.70086
0.009673,1.8548,0.45832
0.011128,1.6851,0.20121
0.009512,1.0663,0.15874
0.01131,0.70933,0.64403
0.021266,0.54282,1.0197
0.042803,0.3323,1.088
0.087849,0.15083,1.1293
0.18184,0.06129,1.1316
0.37469,0.029279,1.087
0.75477,0.017833,0.97039
1.4188,0.013001,0.69653
1.9099,0.0087159,0.12352
1.0316,0.0032385,0.0033783
0.48129,0.0012046,0.0055798
0.25055,0.00053901,0.098981
0.31897,0.00052474,0.94962
0.60267,0.00072429,1.0208
1.1015,0.0010013,0.83968
1.7278,0.0012653,0.44946
1.3635,0.00099142,0.035448
0.44039,0.00050734,0.032306
0.13284,0.000403,0.65573
0.081441,0.00059806,1.165
0.066031,0.00092574,1.1791
0.068552,0.0014376,1.1793
0.086404,0.0022351,1.1746
0.12451,0.0034736,1.1639
0.19493,0.0053856,1.1436
0.31794,0.0083044,1.1067
0.51961,0.012665,1.0417
0.81219,0.018904,0.93292
1.1268,0.027088,0.77306
1.1998,0.03639,0.62906
0.71604,0.048172,0.76829
0.085852,0.071132,1.1157
0.0051945,0.11055,1.1716
0.0010639,0.17217,1.1607
0.00053682,0.2672,1.1388
0.00046948,0.41215,1.1037
0.000569,0.62924,1.0478
0.00082844,0.94363,0.95803
0.0013102,1.3681,0.81156
0.002038,1.8423,0.56679
0.00252,1.99,0.19439
0.0016632,1.2718,0.028425
0.00090794,0.68869,0.049728
0.00081768,0.55181,0.48968
0.0014976,0.77627,0.97623
0.0029174,1.1436,0.89145
0.0053751,1.6082,0.70332
0.0085121,2.0006,0.38799
0.0082322,1.6749,0.064961
0.0046955,0.91648,0.027152
0.003048,0.55365,0.15961
0.0044206,0.63436,0.89045
0.0087107,0.92833,0.95367
0.016723,1.3293,0.8173
0.029449,1.7725,0.58524
0.040637,1.9348,0.2318
0.030559,1.2789,0.04008
0.018171,0.67142,0.069667
0.019014,0.52514,0.62482
0.036483,0.65274,1.0061
0.07256,0.82283,0.95706
0.14061,0.98834,0.8694
0.2613,1.0917,0.75626
0.45576,1.0432,0.62377
0.72777,0.76801,0.49597
1.0526,0.35103,0.39786
1.3349,0.082343,0.25597
1.1792,0.013245,0.076702
0.74824,0.002323,0.058253
0.60719,0.00070308,0.28061
0.95639,0.00046838,0.77064
1.6682,0.00040646,0.52468
1.653,0.00025512,0.028367
0.81759,0.00010057,0.0027868
0.3976,4.17E-05,0.011294
0.26107,2.30E-05,0.24711
0.44102,2.80E-05,1.0166
0.87939,3.97E-05,0.93176
1.6069,5.34E-05,0.59751
1.7723,4.85E-05,0.043497
0.88383,2.36E-05,0.0025009
0.42029,1.12E-05,0.0077485
0.24557,6.34E-06,0.16666
0.37244,7.74E-06,1.0046
0.72995,1.16E-05,0.98187
1.3507,1.67E-05,0.73256
1.9003,1.94E-05,0.19565
1.045,1.11E-05,0.0066885
0.39258,5.44E-06,0.015187
0.1741,3.67E-06,0.39419
0.19179,5.21E-06,1.1202
0.24823,8.05E-06,1.1259
0.32869,1.24E-05,1.1009
0.42657,1.89E-05,1.0677
0.51384,2.87E-05,1.0334
0.52907,4.33E-05,1.0183
0.40539,6.53E-05,1.0511
0.19448,9.99E-05,1.1235
0.069437,0.00015504,1.173
0.032485,0.00024224,1.1887
0.023935,0.00037914,1.1924
0.025287,0.00059361,1.1925
0.034041,0.00092919,1.1902
0.053458,0.0014534,1.1849
0.092234,0.0022698,1.1743
0.16787,0.0035336,1.1532
0.31276,0.0054655,1.1114
0.58016,0.0083378,1.0281
1.0306,0.012322,0.86142
1.597,0.016668,0.52963
1.4549,0.015893,0.093541
0.4687,0.0095008,0.07579
0.11394,0.0094975,0.90631
0.042157,0.014601,1.1784
0.024612,0.022821,1.1868
0.022026,0.035686,1.1854
0.026619,0.055764,1.1799
0.03904,0.086998,1.1695
0.064497,0.13533,1.1514
0.11409,0.20943,1.1196
0.2083,0.32099,1.0633
0.37974,0.48274,0.96092
0.66074,0.6962,0.76896
0.97613,0.89004,0.40332
0.75567,0.71376,0.042985
0.2825,0.37883,0.02884
0.11949,0.2627,0.34949
0.12356,0.36033,1.0361
0.16062,0.54484,1.0135
0.21948,0.80845,0.9125
0.29554,1.1507,0.74493
0.35282,1.4873,0.4719
0.28091,1.4498,0.13601
0.11606,0.90982,0.0487
0.051426,0.60324,0.19934
0.053335,0.71655,0.85743
0.080081,1.0451,0.88641
0.12356,1.4701,0.70057
0.16957,1.8213,0.37318
0.13963,1.4786,0.054869
0.069619,0.79921,0.025836
0.04148,0.48963,0.17004
0.057603,0.57743,0.9036
0.10857,0.855,0.94136
0.19981,1.2299,0.77411
0.32658,1.6015,0.4641
0.33622,1.4406,0.071789
0.18028,0.77343,0.015614
0.097131,0.41807,0.070538
0.10601,0.3958,0.72888
0.20179,0.58111,0.98369
0.38467,0.85082,0.83924
0.66242,1.1473,0.53709
0.74247,1.1005,0.081909
0.39023,0.58408,0.0096826
0.18962,0.29711,0.034694
0.15695,0.23289,0.52598
0.27948,0.33401,1.0159
0.52452,0.49619,0.90373
0.9101,0.69263,0.63792
1.1423,0.75555,0.15764
0.59548,0.43376,0.012421
0.22658,0.2227,0.03942
0.1417,0.18506,0.63037
0.18994,0.27211,1.0657
0.27885,0.41191,1.0112
0.40626,0.60979,0.90191
0.54877,0.86303,0.72799
0.6059,1.1087,0.4757
0.41612,1.1546,0.22982
0.14962,0.9854,0.21291
0.059761,1.03,0.54976
0.041248,1.3715,0.71907
0.036714,1.7952,0.53226
0.030757,1.899,0.19081
0.016104,1.2291,0.035603
0.0078372,0.68696,0.070346
0.0071964,0.59797,0.59707
0.012612,0.83906,0.96167
0.023366,1.2014,0.86037
0.041224,1.6267,0.66327
0.062004,1.9096,0.35041
0.057632,1.4888,0.072348
0.035427,0.78394,0.059355
0.032256,0.51261,0.46943
0.059314,0.55499,1.0091
0.11856,0.61981,0.99751
0.23404,0.64908,0.9437
0.45126,0.61075,0.8644
0.83262,0.48091,0.72851
1.3708,0.27755,0.4537
1.4242,0.086377,0.066524
0.77361,0.015574,0.014526
0.42238,0.0035979,0.069387
0.45982,0.0018461,0.71258
0.85916,0.0017456,0.92259
1.5303,0.0018071,0.63017
1.7843,0.0014756,0.082516
0.82859,0.00065837,0.0060795
0.29015,0.00029715,0.036762
0.16444,0.00024112,0.76734
0.1899,0.00034567,1.1374
0.23956,0.00051495,1.1282
0.3099,0.00077276,1.1062
0.39512,0.0011619,1.0775
0.47212,0.0017443,1.0478
0.49146,0.0026133,1.0332
0.39754,0.0039286,1.0566
0.21811,0.0059799,1.1158
0.089947,0.0092341,1.1637
0.043962,0.01437,1.1815
0.03192,0.022421,1.1849
0.032729,0.035,1.1825
0.042709,0.054604,1.1756
0.065111,0.085035,1.1626
0.10908,0.13195,1.1393
0.19221,0.20338,1.0978
0.34377,0.30938,1.0224
0.60025,0.45789,0.88329
0.95364,0.63413,0.62245
1.0865,0.70186,0.19667
0.50499,0.45069,0.038073
0.14721,0.29042,0.21935
0.087734,0.36765,1.0023
0.078916,0.5562,1.0362
0.085233,0.83238,0.9571
0.10323,1.2079,0.82159
0.12793,1.6389,0.59369
0.1335,1.8366,0.23676
0.07767,1.252,0.036287
0.035998,0.68654,0.050708
0.027862,0.53951,0.45823
0.046104,0.74678,0.96364
0.084293,1.0899,0.87601
0.14723,1.5089,0.66838
0.21495,1.7921,0.31382
0.1723,1.3072,0.038864
0.091424,0.67414,0.02996
0.064562,0.42454,0.27047
0.10588,0.5153,0.97191
0.20695,0.7156,0.94776
0.38979,0.95803,0.78685
0.65491,1.1554,0.4922
0.72762,0.96932,0.096568
0.41933,0.43613,0.025953
0.25885,0.1797,0.16206
0.36651,0.13803,0.92499
0.69491,0.13973,0.94531
1.2471,0.14236,0.71016
1.7222,0.12374,0.22282
0.96684,0.057123,0.013026
0.33328,0.023081,0.040505
0.16581,0.016819,0.75138
0.16355,0.02222,1.1382
0.18017,0.03124,1.1377
0.21159,0.044991,1.1252
0.2582,0.065751,1.1056
0.31703,0.096799,1.0782
0.37647,0.14271,1.044
0.41065,0.20979,1.0088
0.38401,0.30704,0.98336
0.28432,0.44827,0.9741
0.16425,0.65365,0.96173
0.088398,0.94466,0.90783
0.055848,1.3264,0.78675
0.043024,1.7375,0.57488
0.03388,1.8922,0.25819
0.018906,1.3237,0.062033
0.0096533,0.72905,0.10835
0.0098947,0.60022,0.73057
0.017386,0.69435,1.0011
0.032471,0.78588,0.97508
0.061373,0.82477,0.9452
0.11665,0.76764,0.93325
0.22339,0.58627,0.94481
0.43182,0.32246,0.95554
0.82957,0.11866,0.88853
1.4869,0.037582,0.62294
1.7889,0.011144,0.086848
0.89211,0.002304,0.0050428
0.36932,0.00058479,0.018748
0.21338,0.00025965,0.44813
0.29543,0.00026802,1.0931
0.45131,0.00032542,1.0647
0.66418,0.00041713,0.98965
0.87814,0.00054783,0.89417
0.92145,0.00072459,0.83425
0.57045,0.00098528,0.9393
0.098761,0.0014336,1.1422
0.010783,0.0021747,1.1939
0.0030555,0.0033399,1.1981
0.0018688,0.0051612,1.1983
0.0018529,0.0080083,1.1977
0.0024688,0.01246,1.1966
0.0039373,0.019421,1.1946
0.0070007,0.030298,1.1914
0.013287,0.047275,1.186
0.026202,0.073706,1.1765
0.052754,0.11467,1.16
0.10709,0.17761,1.1301
0.21663,0.27265,1.0745
0.42965,0.41071,0.96747
0.80578,0.59115,0.7508
1.2378,0.72659,0.29904
0.85296,0.47523,0.011957
0.39121,0.23225,0.0086284
0.19548,0.12664,0.10586
0.23374,0.13995,0.93458
0.41786,0.21054,1.0217
0.73357,0.31121,0.87913
1.1573,0.42838,0.6004
1.2456,0.45808,0.16555
0.51644,0.2876,0.046793
0.14004,0.21435,0.4277
0.072268,0.30288,1.0774
0.0531,0.46237,1.0711
0.051221,0.69901,1.0094
0.060026,1.0339,0.90414
0.077647,1.4629,0.72831
0.097089,1.8587,0.43281
0.083626,1.668,0.08722
0.041957,0.93794,0.027649
0.023424,0.55143,0.1315
0.029391,0.59737,0.84489
0.054745,0.86712,0.95356
0.10153,1.236,0.81464
0.1735,1.6329,0.56751
0.22494,1.7117,0.18959
0.15139,1.0381,0.030288
0.086425,0.52232,0.071883
0.093003,0.41063,0.68704
0.17847,0.50277,1.0061
0.3497,0.61877,0.92153
0.65241,0.71562,0.74866
1.0619,0.70873,0.42816
1.0471,0.42175,0.064453
0.57917,0.12808,0.030016
0.38538,0.04245,0.23684
0.57852,0.030658,0.92911
1.0396,0.029438,0.84853
1.6416,0.028795,0.49667
1.4295,0.020076,0.056735
0.47439,0.0091363,0.038987
0.13458,0.0066914,0.6888
0.071735,0.0091936,1.1664
0.052268,0.013437,1.1802
0.05124,0.020024,1.1801
0.063201,0.030218,1.1749
0.091173,0.045945,1.1638
0.14508,0.070076,1.1431
0.24342,0.1067,1.1055
0.41446,0.16104,1.0379
0.68668,0.23787,0.91719
1.0346,0.33418,0.70862
1.2073,0.41388,0.40169
0.74733,0.40038,0.23125
0.20406,0.43083,0.70803
0.037261,0.62467,1.0133
0.011231,0.9255,0.95591
0.0063547,1.3311,0.82074
0.0052456,1.7877,0.5941
0.0045882,1.9855,0.24506
0.0026386,1.3505,0.041263
0.0012982,0.71976,0.061069
0.0011392,0.55422,0.55061
0.0020106,0.70929,0.99699
0.0038319,0.93662,0.94868
0.0072154,1.1876,0.85645
0.013133,1.4055,0.74686
0.022749,1.4937,0.64912
0.03806,1.3606,0.63521
0.066205,0.98979,0.77749
0.12631,0.43867,0.98886
0.25625,0.072932,1.0945
0.52402,0.0097973,1.0464
1.0348,0.002286,0.87382
1.793,0.00081649,0.45795
1.5229,0.00024276,0.013862
0.73286,6.06E-05,0.0025282
0.35084,1.85E-05,0.015235
0.2493,8.97E-06,0.36861
0.43907,9.90E-06,1.0432
0.85191,1.26E-05,0.94019
1.5205,1.59E-05,0.63829
1.7944,1.50E-05,0.089046
0.83392,7.41E-06,0.0063948
0.28599,3.59E-06,0.038947
0.15925,3.11E-06,0.79066
0.17832,4.62E-06,1.1413
0.21957,7.05E-06,1.1343
0.2806,1.08E-05,1.1156
0.35878,1.64E-05,1.0901
0.43886,2.50E-05,1.0612
0.4828,3.77E-05,1.0403
0.43495,5.70E-05,1.0482
0.28167,8.67E-05,1.0959
0.12819,0.0001336,1.1513
0.05824,0.00020792,1.1791
0.037189,0.0003248,1.1878
0.034234,0.00050795,1.1896
0.041412,0.00079447,1.1879
0.060109,0.0012419,1.1829
0.097858,0.0019384,1.1725
0.17037,0.0030165,1.1522
0.30618,0.0046654,1.1129
0.55032,0.0071247,1.0369
0.95039,0.010582,0.89097
1.455,0.014668,0.6195
1.528,0.016403,0.22912
0.64273,0.0128,0.17295
0.12469,0.014994,1.0074
0.020746,0.023203,1.184
0.0071553,0.036296,1.1893
0.0048225,0.056773,1.1859
0.0050244,0.088708,1.1787
0.0068482,0.13834,1.167
0.010978,0.21506,1.1481
0.019346,0.3326,1.1176
0.035854,0.50986,1.0681
0.067604,0.7695,0.98646
0.12547,1.1272,0.84825
0.21673,1.5441,0.60556
0.28862,1.7111,0.20422
0.18897,1.0764,0.021216
0.097153,0.55954,0.032118
0.074499,0.3991,0.36401
0.12933,0.54388,0.98366
0.25078,0.806,0.9076
0.45753,1.1351,0.68336
0.66965,1.3404,0.26134
0.46315,0.87333,0.016851
0.2271,0.43727,0.015605
0.13712,0.26038,0.17554
0.20257,0.31609,0.95799
0.39067,0.47216,0.95907
0.7208,0.67938,0.75291
1.1038,0.84483,0.32861
0.79133,0.58334,0.017088
0.34792,0.28947,0.011823
0.16823,0.16566,0.14715
0.20153,0.19671,0.97954
0.33693,0.29718,1.0241
0.5575,0.44116,0.90251
0.84649,0.62029,0.68511
0.99631,0.75326,0.34156
0.57533,0.63081,0.10708
0.16328,0.49191,0.31647
0.066756,0.64331,0.94065
0.041647,0.95188,0.93241
0.035105,1.3697,0.79009
0.034903,1.8243,0.54242
0.030969,1.9205,0.17547
0.016237,1.205,0.029197
0.0078915,0.66304,0.061196
0.0070997,0.56778,0.57223
0.012556,0.80864,0.97041
0.023513,1.1823,0.86955
0.041798,1.6379,0.66487
0.062406,1.9576,0.32492
0.05307,1.4802,0.046215
0.029467,0.78506,0.032297
0.021316,0.50459,0.26084
0.035128,0.61979,0.95941
0.069414,0.87781,0.94759
0.13261,1.2042,0.80808
0.23204,1.5243,0.57647
0.31847,1.5528,0.2347
0.24947,0.9431,0.056164
0.17149,0.43627,0.15296
0.24104,0.30268,0.87085
0.476,0.25932,0.97884
0.92164,0.21203,0.83116
1.5836,0.15542,0.47269
1.4768,0.070112,0.027
0.73258,0.020128,0.004846
0.36411,0.0065645,0.02722
0.30599,0.0036786,0.51118
0.56714,0.0042422,1.0135
1.0903,0.0053656,0.84808
1.8089,0.0063274,0.41816
1.411,0.004278,0.014115
0.60353,0.0019687,0.0054521
0.23586,0.00098676,0.073222
0.20038,0.0010041,0.94617
0.28256,0.0015046,1.1141
0.40806,0.0022759,1.0768
0.56831,0.0034175,1.0203
0.7141,0.0050651,0.95702
0.72082,0.0074158,0.92983
0.45285,0.010939,1.009
0.11485,0.01666,1.1407
0.022076,0.025912,1.1844
0.0084419,0.040474,1.188
0.0060422,0.063227,1.184
0.0065145,0.098676,1.176
0.0090492,0.15369,1.1628
0.014646,0.23856,1.1415
0.025896,0.36811,1.107
0.047909,0.56228,1.0506
0.089673,0.84324,0.95663
0.16359,1.2193,0.79572
0.27009,1.6142,0.50951
0.30296,1.5653,0.10505
0.16972,0.87488,0.017155
0.089443,0.46641,0.057463
0.088668,0.40953,0.63818
0.1658,0.59274,0.98731
0.31688,0.86862,0.86064
0.55609,1.1864,0.59029
0.69693,1.239,0.13605
0.39745,0.69464,0.011867
0.19358,0.34736,0.028248
0.14612,0.24698,0.41369
0.25286,0.33855,1.0113
0.47886,0.49605,0.92043
0.84796,0.68865,0.67681
1.1501,0.77782,0.21284
0.66828,0.46227,0.013977
0.26823,0.22574,0.028982
0.1568,0.16144,0.48601
0.21197,0.22206,1.0628
0.32069,0.32478,1.0206
0.47801,0.46715,0.91881
0.65707,0.64614,0.76154
0.74194,0.82576,0.55304
0.55408,0.92785,0.3956
0.22603,0.99831,0.50364
0.068085,1.2132,0.71288
0.026985,1.5146,0.67094
0.015713,1.7375,0.50481
0.011218,1.6625,0.33296
0.0090353,1.2784,0.34518
0.010555,0.93068,0.72924
0.017123,0.56373,0.99887
0.031493,0.18927,1.1237
0.061597,0.03889,1.1692
0.12367,0.010229,1.1635
0.25005,0.0042382,1.1306
0.50142,0.0025268,1.0571
0.97177,0.001927,0.89648
1.6816,0.001638,0.53163
1.6084,0.0010103,0.032817
0.69912,0.0003951,0.0055377
0.25338,0.00017092,0.054405
0.1769,0.00014789,0.8864
0.22469,0.00020756,1.1299
0.30126,0.00030188,1.1099
0.40236,0.00044393,1.0767
0.50931,0.00065507,1.0374
0.56856,0.00096607,1.0076
0.49528,0.001429,1.0202
0.27412,0.0021463,1.0919
0.092403,0.0032925,1.1615
0.034317,0.005112,1.1862
0.020777,0.0079697,1.1915
0,0,0
