X,Y,Z

0.6150677348871085 0.5933868045428433 0.40211771789065875
0.615195921340131 0.6046025012152548 0.37298273627998907
0.6188550619082301 0.6177626055062089 0.34704134654398394
0.6258820101966496 0.6332294842900703 0.3247123804039109
0.6362738528769118 0.6514384197268991 0.306597908459092
0.650150036416606 0.6728401608555393 0.293509417169483
0.6677319737800436 0.6977948649962438 0.28659869376856933
0.689264384559359 0.7264373149498431 0.28751488815884196
0.7149133284777859 0.7584294489372045 0.2982736279989006
0.7445972323379461 0.7926333465906581 0.32123084172087485
0.7777421704297158 0.8266604799151531 0.3587424577568944
0.8129643117261471 0.856467364885766 0.4123005641139746
0.8477494537509104 0.8764859251403067 0.4812507362276351
0.8783685360524398 0.8803968359185116 0.5610643561116712
0.9002767662053897 0.8634495558796235 0.6426580108110939
0.9090750182083029 0.8251579831190066 0.7136761645485127
0.9021412964311726 0.7708692385876531 0.7624177061110167
0.8797086671522213 0.7104224667462107 0.7826001596795938
0.8450109249817918 0.6541539617305228 0.7752706045574127
0.8031726147123087 0.6090746387379027 0.7469994633718572
0.759495994173343 0.5776061690750807 0.7061371935656978
0.7182607428987617 0.5586437756860665 0.6595683415572687
0.6821704297159504 0.5494277254849972 0.6118738792979335
0.6524748725418791 0.5469950064077069 0.5654620891849798
0.6293488710852148 0.5489372044721376 0.5214585814693141
0.6123495994173342 0.5535838967696319 0.48015130295930797
0.6007428987618354 0.559936364841575 0.4416187846026989
0.5937479970866715 0.567523973662115 0.40586102639948696
0.5906860888565185 0.5762428741879889 0.3727994974019346
0.5910298616168972 0.5862433160988113 0.34248655157519997
0.5944530225782957 0.5978545229572672 0.3150268968496002
0.6008040786598688 0.6115206151398648 0.2906823030509274
0.6101150764748725 0.627789562066375 0.26981924793529055
0.6225870356882738 0.6472645720093685 0.25306597908459094
0.6385462490895848 0.6705775774448717 0.24133869088910123
0.6584297159504734 0.6982809669008794 0.23605094040809915
0.6827093954843408 0.7307039639400769 0.23911364736986768
0.7117727603787326 0.767643289584162 0.25311833304974934
0.7457246904588493 0.8078571744222015 0.28128476630498805
0.7840524399126 0.8484687790003977 0.32696360090572363
0.8251711580480698 0.8843077466967166 0.3925631192492442
0.8659868900218499 0.9077511158248265 0.47763831263170303
0.9016168973051711 0.9101153387246452 0.5761946520424591
0.9259431900946832 0.8849264218480709 0.6755101239480127
0.9332847778587033 0.8324495116885413 0.7583864507938172
0.920611798980335 0.761611206858456 0.8097195136316638
0.8891187181354696 0.6869106014406292 0.8234886064683324
0.8439912600145666 0.6217309646913253 0.8044055861680824
0.792297159504734 0.573330681868399 0.7634909623967647
0.7406234522942461 0.5424327190772902 0.7118175987853881
0.6936431172614712 0.5258317645499139 0.6572909440728768
0.6538266569555716 0.5191853373989129 0.604151669437064
0.621890750182083 0.518657695876972 0.5541536327107575
0.5974246176256373 0.5214722259048125 0.5076109576849077
0.5794668608885651 0.5258760219187768 0.4644451134117771
0.5668754552075745 0.5309012771222767 0.42434197610041496
0.5585695557174071 0.5361153829157276 0.38701359894244997
0.5536343772760378 0.5414240576251713 0.35222438909466913
0.5513678077203203 0.5469353484466835 0.31981728466159715
0.5512658412235979 0.5528812585620222 0.2896875777129171
0.5530284049526584 0.5595695788589863 0.26173056031831216
0.5565098324836125 0.5673715144283883 0.23592005549520306
0.5617217771303714 0.5767289760926245 0.21228224022616918
0.5688099053168244 0.5881545804056741 0.19097417640668563
0.5780538965768389 0.6022647929647796 0.17220527989738624
0.5898674435542607 0.6197887666268947 0.1563943824195385
0.6048040786598688 0.6415705510627955 0.14430061646793976
0.6235571740713766 0.6685602545406336 0.13707576927607557
0.6469482884195192 0.7017124044367846 0.13649987565933278
0.6758689002184997 0.7417716204869857 0.14529534180595005
0.7111522214129642 0.7888329135180521 0.16731018415507246
0.7532672978878368 0.8414865880065403 0.2077274452573852
0.8017975236707939 0.8956427592911749 0.2723322382628955
0.854624908958485 0.9429935039109106 0.36583642003586253
0.9069191551347414 0.9706350258517831 0.4877426279072812
0.9508230152949745 0.963719121481285 0.6271088831590383
0.9764020393299344 0.913054045693579 0.7602973705221001
0.9753823743627095 0.8239206328162977 0.8578589845948458
0.9452876911871814 0.7172765036015732 0.9001348114602831
0.8913911143481427 0.6186309602722171 0.8881195764564218
0.8241514930808448 0.5445015245923372 0.8391162650681255
0.754435542607429 0.4981262981130408 0.7734120387942883
0.6901995630007283 0.4741349595651597 0.7052733531405836
0.6355804806991987 0.46476203102213975 0.6415062235776082
0.5916562272396212 0.4633589641610323 0.5840739237988037
0.5576402039329933 0.4653453533077025 0.5326885069957986
0.5318694828841951 0.4679459984975032 0.4864337787783203
0.5124463219227967 0.46963409783905613 0.44447207570383374
0.4975679533867443 0.4696318882849441 0.40609661924269996
0.4856722505462491 0.4675637456361306 0.3709671086213893
0.47546394756008736 0.4632263909143135 0.33879559703153017
0.46588201019664965 0.4564496884528702 0.3095559074905436
0.45604661325564455 0.4470104732864908 0.28322186301585023
0.4451886380189366 0.43459277917716205 0.26008141041582145
0.4326088856518572 0.4187767908436078 0.24044867348140786
0.41761107064821557 0.39902558663661675 0.22503043074224835
0.3995018208302986 0.37475363471651424 0.21482140753635326
0.3775586307356154 0.34540633700119316 0.21136604583589652
0.3510939548434086 0.3106721463608644 0.21688938916011152
0.31956008739985436 0.2708250475054134 0.23434943654045
0.28277348871085217 0.22738521366388267 0.2674371425205817
0.24131391114348139 0.18376861549339346 0.3200528775048101
0.1970284049526584 0.14622829113084984 0.3948928706987946
0.15364894391842682 0.1238234124353706 0.4908838658167874
0.11694100509832481 0.1265411639931062 0.6001465911024437
0.09386744355426072 0.16089973043439834 0.7067916181301782
0.0905753823743627 0.2246895576472668 0.7907412012617306
0.10959941733430445 0.3054598082107031 0.8364462128450455
0.14831755280407863 0.38596049317247777 0.8403989372145072
0.20008739985433358 0.4523178222634673 0.8110283627606246
0.2567399854333576 0.4987272968314994 0.7618941664594324
0.31146977421704297 0.5263908480268682 0.7048806984018953
0.35988638018936636 0.5399098501922311 0.6473698676753531
0.40003787327021123 0.5442883026205312 0.5928170359802626
0.4317203204661325 0.543523796897786 0.5422431056372132
0.45575236707938815 0.5403221529895267 0.495648076646205
0.47338091769847046 0.5363031950152459 0.4525869403033913
0.4859286234522942 0.5323213575500464 0.41266704187008374
0.4945975236707939 0.5287449732643953 0.37552190359017323
0.5003807720320466 0.525661363736798 0.34088975563786766
0.5040533139111434 0.5230094568915993 0.3085350051699541
0.5061893663510559 0.5206591099916037 0.27830059029095716
0.5071935906773488 0.5184539749878475 0.25002944910540165
0.5073337217771303 0.5162305006849618 0.2236168736829706
0.5067705753823744 0.5138231914799594 0.19893197911076793
0.5055798980335032 0.5110590392858722 0.17584388047589758
0.5037686817188638 0.507750452958593 0.15432640079578028
0.5012830298616169 0.503681117150559 0.13427483214009922
0.4980125273124545 0.4985925140306686 0.11566299752627514
0.4937861616897305 0.4921605020106942 0.09843592529089172
0.4883641660597232 0.48398073268814357 0.08265120479562321
0.4814246176256372 0.47353396084670113 0.06840307317775482
0.47255061908230156 0.4601639489151089 0.055895710901404404
0.46118863801893656 0.4430376949931504 0.04551915500700235
0.4466453022578295 0.4211122895399709 0.03795138934335039
0.42803787327021114 0.39314154403641344 0.03432587725612869
0.4042913328477786 0.35771134385081094 0.03652212609452509
0.37415003641660594 0.31342525078439176 0.047532164967344206
0.3362884195193007 0.259379557205356 0.07198931979110766
0.28959941733430444 0.1961642140616024 0.11660536889912702
0.23384413692643843 0.12766803659021614 0.19003180503383377
0.17077931536780772 0.06363515842502988 0.30089132625682247
0.10584122359796069 0.02174201246188523 0.4522466395298615
0.04935178441369261 0.02499005700649609 0.632108686831669
0.01549890750182083 0.08999513898095365 0.8070232844260042
0.01701383831026947 0.21010650050819749 0.9317042524508199
0.05753823743627092 0.3521719916920765 0.9768857243825505
0.1287399854333576 0.4770559901011976 0.9487978220750495
0.21500364166059724 0.5634583940960715 0.8779105532505268
0.30136635105608156 0.6117040081311591 0.7944583327879797
0.3782811361981063 0.6328450218745857 0.7157441461722708
0.441768390386016 0.6386340536479739 0.6475792835359869
0.4916978878368536 0.6375933536612312 0.5899375678965486
0.5299353241077931 0.6348822307658315 0.5409342565082523
0.5590473415877639 0.6332891422510937 0.4987107836079736
0.5816110706482155 0.6341928498828936 0.46193212308417214
0.5999126001456664 0.6382164479208096 0.4298914964072092
0.6158455935906773 0.6456051968712714 0.40230095676871336
0.6309366351056082 0.6564563171152061 0.3792128581338429
0.6463831026948288 0.6708095806266295 0.3609936782587072
0.6631318281136198 0.6886473109726458 0.34835019567294484
0.6818936635105607 0.7098524017853197 0.34222478174940774
0.7031609613983976 0.7340735339608467 0.3438477546693193
0.7271551347414421 0.7605285253435856 0.35473737942227407
0.7537246904588492 0.7877944230854214 0.37641192099786663
0.782202476329206 0.8135136329488708 0.4100755205947411
0.8112163146394755 0.8343055371426046 0.4558852401083728
0.8386307356154407 0.8461487471828185 0.5121395756711125
0.8615586307356153 0.8450439701268284 0.57449314817481
0.8767953386744355 0.8286048875336958 0.6358781723230764
0.8815440640932265 0.7974722700958946 0.6878394827428244
0.8744646758922068 0.7558221750850678 0.7230213473292936
0.8559941733430443 0.7102346546466922 0.7376019266259178
0.8286088856518572 0.6673891908612842 0.7321571142494405
0.7958426802621995 0.6320694683812806 0.7107705194822194
0.7614566642388929 0.6063215343143754 0.6787298928052565
0.7286147123088128 0.5899244332493703 0.6409565069434447
0.6994901675163874 0.5813911352689027 0.6009580775623994
0.6752804078659869 0.5788766626894692 0.5610643561116712
0.6563903860160233 0.5807371072517565 0.5225318377550621
0.6427239621267298 0.5857505855318397 0.48606730102221124
0.6339198834668608 0.5931503822528614 0.45203722366922766
0.6295324107793153 0.602560873215785 0.4207557294870621
0.6291507647487254 0.6139047240266914 0.3924584113189273
0.6324719592134013 0.6273100888240754 0.36748556993835324
0.6393153678077202 0.6430487427637103 0.346334568014345
0.64963146394756 0.6614521189623933 0.3295812991636455
0.6634785142024763 0.6828361836581378 0.31819431174168555
0.680978878368536 0.7073887489504618 0.3132992159993718
0.7022432629278951 0.7350125944584383 0.31649280787403644
0.7272571012381646 0.7650802068142649 0.3295812991636455
0.7557086671522214 0.7961686331698263 0.35455414054421946
0.786761835396941 0.8256219894825224 0.39308665890082856
0.8188201019664967 0.8495293649741482 0.4456500399198985
0.849264384559359 0.8628971673516285 0.5104904257686217
0.8746394756008739 0.8608422820274868 0.5823462429485754
0.8910415149308084 0.8404260020327897 0.6525529102260383
0.8951493080844865 0.8026868178001679 0.7106658115519026
0.8853896576839038 0.753236996774051 0.7479418347447091
0.8626365622723962 0.7004861019046357 0.7605067863827337
0.830094683175528 0.6525188916876574 0.750219232229101
0.7921981063364893 0.6144968845287021 0.7228119314686597
0.7533459577567371 0.5880352644836272 0.6849076606939519
0.7170196649672249 0.5721375226479297 0.6421344711595095
0.6854187909686817 0.5645941049096292 0.5981833174090023
0.6595746540422432 0.563065093464139 0.5551745350313471
0.6396649672250545 0.565630385788148 0.5141552033297122
0.6253517844136925 0.5709598303062442 0.47554415402536554
0.6160699198834668 0.5782668257545628 0.4395769799615199
0.6112279679533866 0.5872066816916346 0.4063583890684922
0.6103044428259286 0.5977506739140042 0.3760192662591783
0.6129264384559359 0.6100954527376375 0.3487690273942123
0.6188871085214858 0.6245901277122277 0.3248956192819654
0.6281369264384559 0.6416766096601706 0.3049225815740221
0.6407807720320465 0.6618454195943259 0.28955669280002105
0.6570371449380917 0.6855450969994256 0.27981885528055184
0.6771886380189367 0.7130783507888108 0.2771749800400508
0.7014945375091042 0.7443899421096822 0.28350980982422164
0.7300480699198835 0.7787573467674224 0.301205450047773
0.7625637290604516 0.8143974545936631 0.3328534219860478
0.7980655498907501 0.8479163904724026 0.3806525921756999
0.8345229424617625 0.8741437977816076 0.44520503121605176
0.8686380189366351 0.8865393963498167 0.5238930408491814
0.8959067734887108 0.878894339122365 0.6093608889703285
0.9114348142753095 0.8483141102125591 0.6896456945407903
0.9114056809905315 0.7977374165893322 0.751423373427745
0.8946831755280408 0.7360046842547174 0.7850084420768818
0.8634231609613984 0.6744929073313005 0.7884114498121803
0.8223743627093955 0.6224247646824871 0.7667107312540085
0.7773109978150036 0.5842436696274692 0.7285708676360877
0.7332206846321923 0.5599496221662469 0.6821590775231341
0.6935994173343044 0.547001635070043 0.6332604740651546
0.6602738528769118 0.5421675725838526 0.5851210031019725
0.6337713037144938 0.5426125767820054 0.5392589296231824
0.6137916970138383 0.5462700517035662 0.4961716162977894
0.5996096139839767 0.5518405585752795 0.4559375940735312
0.5903860160233066 0.5586327279155067 0.4185045089852493
0.5853343044428259 0.5663993106191171 0.3837938300852061
0.5838164603058994 0.5751867073224624 0.351727026425664
0.5853809176984704 0.5852490167484201 0.3223564519717812
0.5897771303714493 0.5969729108665871 0.2957868146538749
0.5969380917698469 0.6108643775686067 0.27230606128031626
0.606965768390386 0.6275023200318176 0.2522544926246351
0.6201281864530226 0.6475407662733661 0.23631271023389136
0.6368273852876911 0.671653630297406 0.22547543944609502
0.657564457392571 0.70044632993062 0.2212085912856825
0.6828725418790967 0.7342768129391489 0.2256063243589912
0.7131973780043699 0.7729241239117945 0.24144339881941815
0.7486671522214129 0.8150603208272571 0.27225370731515786
0.7887399854333575 0.8575279508595165 0.3216758504247216
0.8316678805535324 0.8945821733174245 0.3923537033886105
0.8740568099053169 0.9178045870343363 0.483528133712027
0.9105316824471957 0.9177383004109769 0.5883145949766371
0.9344209759650399 0.8877767466525255 0.6922633927987122
0.9398106336489439 0.8290909894383314 0.7764747457560567
0.9237873270211215 0.7524636528348578 0.825347172231457
0.8883029861616897 0.6740819302664722 0.8340641074303367
0.8393882010196648 0.6077643731494985 0.8093530358755546
0.7847166788055353 0.5601131291705334 0.7637003782573983
0.7310968681718862 0.5308131159132087 0.7088072457887781
0.6830881281864529 0.515851341199346 0.652395848330563
0.6428987618353968 0.5104635644526935 0.59826184835674
0.6109628550619082 0.5106814264881346 0.5477926259440075
0.586639475600874 0.5137421008440497 0.5011190660052616
0.5687924253459578 0.5179532900260727 0.4579270447495518
0.5561718863801893 0.5224052322241372 0.41782390743818965
0.5476241806263655 0.5266993680675239 0.3805217072628039
0.5421812090313183 0.5307450616465598 0.345732497415023
0.5390936635105608 0.5346252596226082 0.31324686203421337
0.5378173343044428 0.5385154005921605 0.2829339162074789
0.5379874726875454 0.5426401962084051 0.254636598039344
0.5393914056809905 0.5472579433470326 0.22827637658207145
0.5419423160961399 0.5526558840426001 0.20377472088792328
0.5456640932265112 0.5591674400106059 0.18110545397432037
0.550680262199563 0.5671859118829821 0.16021622187610432
0.5572148579752366 0.5771841442396924 0.1412379095061712
0.5655906773488711 0.589743249812188 0.12432757875999635
0.5762563729060451 0.605576914578638 0.10979935342853032
0.5897887836853605 0.625560121967387 0.0982500687145793
0.6069162418062636 0.6507269433028415 0.09060377210318965
0.6285273124544792 0.6822329753855672 0.08841275866130913
0.655659140568099 0.7212117194750098 0.09409316388099942
0.6893983976693371 0.7684387290644749 0.11129144143554572
0.7306831755280407 0.8236112952406205 0.14529534180595005
0.7798368536052439 0.8840646957443988 0.2028323495150714
0.8357465404224325 0.9429714083697911 0.29104878080703644
0.8946831755280408 0.9875823058906712 0.413897360051307
0.9491624180626365 1.0 0.5656453280630342
0.9881427530954114 0.9638737902691238 0.724644320249205
1.0 0.8767289760926245 0.8557386490059292
0.9782665695557173 0.7576782005391313 0.9274112273078283
0.9258557902403496 0.6386340536479739 0.9315210135727655
0.8537509104151493 0.5449871845861505 0.8851877544075495
0.7753969410050983 0.4849308409562951 0.8144575474785022
0.7013954843408594 0.45336073180432185 0.7393296074761463
0.6376518572469045 0.44062707145698 0.6696726568328469
0.5860247632920612 0.43809713199876266 0.6082614557020013
0.5458359796067006 0.4398073268814353 0.5546509953797627
0.5152003787327021 0.44218480710592606 0.5074800727720117
0.4918729788783685 0.4432807459454682 0.46554454668010425
0.4736955571740713 0.4421096822661187 0.4279543996963471
0.45879096868171887 0.43819656193380174 0.3942122691517349
0.44559067734887103 0.43129170533386363 0.36416109315079254
0.43281864530225783 0.42120509081267404 0.33785322565867837
0.4194202476329206 0.4077223916213708 0.3155242595186053
0.40450400582665696 0.3905850899288524 0.29777626532989543
0.3873008011653314 0.3695192010252331 0.2853945525699253
0.36713182811361983 0.344312607715763 0.27968797036765575
0.34344355426074286 0.31499624375800966 0.28227949164299837
0.315877640203933 0.28209377347651243 0.29539415991518664
0.2844369992716679 0.24705024526050642 0.32151878852924626
0.24973925710123815 0.21264748773697473 0.36306165988246547
0.21334304442825927 0.18341508683547664 0.42135780008638407
0.17803350327749454 0.16551769852843704 0.49509836001204144
0.14788055353241078 0.1654956029873172 0.5787338193526432
0.12769118718135472 0.18774581289495781 0.6618457390416608
0.12186453022578295 0.23162755755888464 0.7311885658940095
0.13258557902403495 0.2902028370674798 0.775296781539992
0.15889293517844139 0.3526359980555924 0.7892491132547151
0.19679533867443555 0.4085487648592514 0.7758464981741556
0.24078077203204656 0.4517212426532326 0.7428373231417615
0.2854595775673707 0.4807172212647488 0.6988861693912544
0.32677057538237436 0.49736842105263157 0.6506158135151762
0.3623160961398397 0.5047805912766804 0.6021360417784642
0.3911522214129643 0.5059757390958505 0.5554886588222977
0.41331973780043696 0.5032942242255513 0.511485151106632
0.4294217042971595 0.4982898051173273 0.4703349344921012
0.44026802621995625 0.49184674532679307 0.4319856550135467
0.4466744355426074 0.48435193777895624 0.3963849587058101
0.4493255644573925 0.47585178311016835 0.36345431462115363
0.448734158776402 0.4661584692209112 0.33319372275957754
0.4452265112891478 0.4549206770073799 0.3057340680339778
0.43892206846321924 0.4416744001060586 0.2812585893224089
0.4297742170429716 0.4258628308807283 0.26013376438097985
0.41756737072104877 0.40685403685536264 0.24290930984385428
0.40194610342316095 0.38398515179636755 0.23047524311872575
0.3824442825928623 0.3566264527818286 0.2241665903171342
0.35853459577567365 0.32433602898935 0.22586809418478332
0.32974217042971593 0.28715365239294716 0.23817127599701587
0.2958310269482884 0.24601175482787577 0.2643220815936547
0.2571332847778587 0.20352202925449647 0.3080114655183697
0.21500364166059724 0.1646338768836449 0.372249780767771
0.17232337946103424 0.13694816386053293 0.45745585906312586
0.1338965768390386 0.12981130407883687 0.5587346046621207
0.10607428987618353 0.15102302355384684 0.6637304817873644
0.09517844136926436 0.20190905475275092 0.7544599034069345
0.10511289147851421 0.2742940474612223 0.8137769459314427
0.13532410779315365 0.35305581333686864 0.8334358598484354
0.18083029861616898 0.42317601308056035 0.8172584846144785
0.23418790968681719 0.4759401652746476 0.7766318076515321
0.2882505462490896 0.509954262229882 0.7238328337892492
0.33780626365622723 0.5284499977904459 0.6676570291742472
0.3800378732702112 0.5361195810685403 0.6129209586011021
0.41407137654770576 0.5371817137301693 0.561535541798097
0.44028841951930076 0.5347105484113306 0.5139196104864993
0.45971158048069916 0.5306602147686598 0.4698637488056752
0.4735644573925709 0.5261249723805735 0.4290014789995158
0.4830269482884194 0.5216200450749039 0.3909663233119119
0.48911172614712306 0.5173014715630386 0.3555488658822298
0.49261354697742166 0.5131174598965929 0.3224873368846774
0.49412061179898026 0.508902072561757 0.2916246744237792
0.4940314639475601 0.5044266207079412 0.2628561705692185
0.49258353969410046 0.4994210968226612 0.23607711739067838
0.4898764748725419 0.49357682619647353 0.21118280695784197
0.4858936635105608 0.4865438154580406 0.1881732392707093
0.480504005826657 0.47790003977197404 0.16710076829443868
0.4734799708667152 0.4671461399089664 0.1479915710116095
0.4644777858703569 0.4536678598258871 0.1311074172480138
0.4530254916241806 0.436716160678775 0.11684096174233995
0.43852294246176254 0.41538954438994213 0.10582045207648914
0.4202097596504005 0.38863847275619784 0.0991872046909153
0.39717989803350323 0.3553360731804322 0.09866628273758886
0.3683991260014566 0.3144615316629104 0.10697223930997475
0.33284195193008015 0.26552211763666095 0.12809706425140377
0.2897421704297159 0.2094215387334836 0.1676243079460231
0.23914348142753095 0.14982986433337755 0.23235998586442944
0.18281136198106335 0.09496663573290913 0.328691281755952
0.12538965768390387 0.05895090370763186 0.45821499155792317
0.07528040786598687 0.05943700561226747 0.6111932777508737
0.04375819373634374 0.10946131070749923 0.762103582320066
0.041165331391114356 0.20566529674311726 0.8760519874874023
0.0714056809905317 0.3246321092403553 0.9276206431684619
0.12914785142024762 0.43572407088249593 0.916338363676819
0.20250546249089585 0.5186227849220028 0.8625970184416843
0.2788696285506191 0.5694728003888816 0.7908459091920474
0.34910123816460303 0.5949489593000132 0.7177597738308706
0.4085739257101238 0.6043749171417208 0.6508775833409683
0.45621558630735615 0.6054686464271509 0.5918746646074108
0.49306103423160963 0.6033739891289938 0.5400704160831381
0.5210677348871086 0.60112687259711 0.49415598863918964
0.5424198106336489 0.6003513191038049 0.453031949007238
0.5591580480699199 0.6018648636705113 0.4160176956402237
0.573034231609614 0.6060630164832737 0.38264204285172054
0.5855061908230152 0.6131777807238499 0.3528264596939911
0.5977596504005827 0.6234058067082063 0.32657094616703536
0.6107909686817188 0.6369879358345486 0.3041896260618039
0.6254450109249817 0.6542246674621062 0.2862322160124603
0.6424850691915514 0.6754540633700119 0.27351020247896024
0.6625928623452294 0.7009611560387113 0.2672800806251064
0.686353969410051 0.7308188607538999 0.2692957082837062
0.7141879096868171 0.7646162004507491 0.28178212897399324
0.7461675163874727 0.8010517477573026 0.307435571901627
0.7817771303714492 0.8374210084404968 0.3489784432548461
0.8195484340859431 0.8691060144062929 0.40813842388387894
0.8566642388929352 0.8896548676477087 0.4841040273287699
0.8889730517115804 0.8918644217596889 0.5715613261259376
0.9112600145666423 0.8705422245790799 0.659830111383061
0.918747268754552 0.8257324671881214 0.7345915736293079
0.9087836853605245 0.7644394361217907 0.7830713453660197
0.8820975965040058 0.6983494630783508 0.7993796055128726
0.8427967953386745 0.6389014096955234 0.7862649372406844
0.7968302986161688 0.5930310663308145 0.7521563289399632
0.749972323379461 0.5623469883777453 0.7064513173566483
0.7066045156591405 0.5448252242697423 0.6564009266651835
0.6692847778587034 0.537036325069601 0.6063767129562976
0.6389978150036416 0.5356756816474435 0.5584466578537493
0.6156562272396212 0.5382062839718945 0.5133698938523357
0.5985812090313182 0.5429519642936056 0.4713034828475322
0.5868754552075747 0.5489570904591454 0.4321165399264427
0.5796416605972323 0.5557890317733881 0.3956781801761712
0.5761136198106337 0.5633766405939282 0.3618836956664006
0.5757115804806991 0.571874585708604 0.3306545554493934
0.5780538965768389 0.5816032524636529 0.3020169365077288
0.5829570284049527 0.5929935039109108 0.2760755467717237
0.5904151493080844 0.6065734234831411 0.2530398021020117
0.6005943190094682 0.6229550576693623 0.23330235723728132
0.6138150036416605 0.6428299969066242 0.21746528277685437
0.6305287691187181 0.6669296036059923 0.20652330405874114
0.651306627822287 0.6959520968668523 0.20191615512479877
0.6767691187181354 0.7303924168102877 0.2057903485465231
0.7074726875455206 0.770206372354059 0.22099917542504877
0.7436911871813546 0.814286976888064 0.2513382982343626
0.7850400582665695 0.8595828361836582 0.30091750323940164
0.8299490167516387 0.9003270140085731 0.37308744421030593
0.8749890750182082 0.927570816209289 0.46792665209481304
0.9146103423160961 0.9307083830483008 0.5789955891784355
0.9416168973051711 0.9016748420168811 0.6912424904781226
0.9491915513474144 0.840624861902868 0.7837519469130795
0.9337217771303713 0.7588934553007204 0.838566548433962
0.8969847050254915 0.6743912678421495 0.8495085271520753
0.8454187909686816 0.6028680012373503 0.8238289072418624
0.7874173343044428 0.5518140439259357 0.775532374383205
0.7304850691915513 0.5207945556586682 0.7177074198657122
0.679577567370721 0.5052088028635822 0.6588092090624714
0.6370371449380917 0.49970391974899464 0.6028428203081032
0.6032541879096868 0.49989615095673695 0.5511171027315682
0.577468317552804 0.5027780723849927 0.5035273484025498
0.5583918426802621 0.506528569534668 0.45970707956493867
0.5446252002913328 0.5101641698705202 0.4191589335497298
0.5348856518572469 0.5132343453091166 0.3814902556182349
0.528089439184268 0.5155945910115339 0.3463869219795035
0.5233771303714493 0.5172561757037429 0.3136133397903224
0.5200952949745083 0.5182957709134297 0.2829862701726373
0.517759592134013 0.5188028635821291 0.2543486512309726
0.51601768390386 0.5188543461929382 0.22759577503501177
0.5146137509104152 0.5185012594458439 0.20254440270670002
0.513359067734887 0.5177652569711433 0.17914218028087903
0.5121083758193735 0.5166361748199213 0.1572582228446527
0.5107399854333575 0.5150718105086394 0.13678782246770416
0.5091426074289876 0.512994829643378 0.11767862518487493
0.5072008739985433 0.5102894515886693 0.09983639385887988
0.504783976693372 0.5067937160281055 0.08320615682630265
0.5017351784413692 0.5022890980600115 0.06774341321675852
0.4978575382374362 0.4964845994078395 0.05343507453895791
0.49290021849963583 0.4890008396305626 0.04030208237896418
0.4865404224326293 0.4793406690529851 0.02842034998625709
0.4783568827385287 0.466856688320297 0.017970498540633213
0.4678106336489439 0.4507181050863936 0.009284975720848642
0.45420538965768387 0.42987096203986036 0.0029553813331937174
0.4366496722505462 0.403016041362853 0.0
0.4140422432629279 0.3686265411639931 0.002125570985432508
0.3850517115804806 0.32507843917097534 0.012130413727209667
0.3482010196649672 0.27104600291661146 0.034461997565540615
0.30210633648943913 0.20639444960007072 0.0758347185319948
0.2460451565914057 0.13396526580935972 0.1454262267188461
0.18109249817916967 0.062464094745680356 0.25356334175359607
0.11190094683175525 0.009346413893676296 0.40643692001622983
0.04853605243991261 0.0 0.5960629818200858
0.006117989803350352 0.05674134959565162 0.7901129536798294
0.0 0.17868664103583898 0.9377249584440402
0.0367370721048798 0.33242962570153345 1.0
0.10907501820830297 0.4722678863405365 0.9780113346334569
0.200203932993445 0.5705157099297362 0.9047943143593837
0.29304297159504733 0.6255269786557073 0.8160543434158345
0.37633794610342314 0.6495205267577002 0.7327068308836041
0.4452556445739257 0.6560210349551461 0.6617933850765023
0.49947181354697734 0.654805780193557 0.6031307671164746
0.5409491624180627 0.6516903088956649 0.5543892255539704
0.5724719592134013 0.6497503203853462 0.513291362904598
0.5968332119446467 0.6504507490388439 0.4782142062484458
0.6164952658412236 0.6544036413451765 0.44829391516039946
0.6334828841951929 0.6617945998497503 0.42321636584950856
0.6493896576839039 0.6726103672278935 0.40300773529835227
0.6654391842680262 0.6867360466657828 0.38803450126303946
0.6825345957756737 0.7039506827522206 0.3790034422732092
0.7012935178441368 0.7238676035176101 0.3767522217713965
0.72203932993445 0.7458128949577976 0.38235409604334913
0.7447691187181354 0.7686596844756729 0.39690849835739445
0.7690633648943918 0.7907110345132352 0.42125309215606727
0.7939898033503278 0.8095364355473066 0.45557111631742214
0.8180335032774945 0.8221750850678333 0.49892019946860733
0.8390968681718863 0.8256440850236423 0.5484994044736464
0.85482884195193 0.8176454991382739 0.5996492284334385
0.8629278951201748 0.7977816076715719 0.6462966113896051
0.8618499635833939 0.7679305316187194 0.6823684933837677
0.8513037144938091 0.7322241371691193 0.7035456722903553
0.8324253459577566 0.6956736930487427 0.7083622370849313
0.8075076474872541 0.6627645941049096 0.6983102757745115
0.7794522942461762 0.6363648415749702 0.676766619111815
0.7510473415877639 0.617519554553891 0.647605460518566
0.724544792425346 0.6058906712625393 0.6142559847126423
0.7014741442097596 0.6003977197401564 0.5793358899519653
0.6826773488710851 0.599783463697026 0.5445205031216053
0.6684573925710123 0.6029453356312696 0.5109354344724684
0.6587676620538966 0.6090680100755668 0.47931363951677297
0.6533896576839038 0.6176477086923858 0.45012630394094477
0.6520466132556445 0.6284546378540811 0.4238184364488306
0.6544821558630735 0.6414490255866366 0.40086122272685637
0.6605127458120903 0.6567236731627557 0.38180437940918555
0.6700276766205389 0.6744089442750453 0.3673285080428779
0.6829745083758193 0.6945932210879845 0.35832362603562695
0.6993182811361981 0.7171969596535419 0.35588916665575965
0.7189599417334304 0.7418246497856733 0.36128162506707856
0.7416372906045157 0.7675770029608026 0.3759407353114407
0.7667822286962854 0.7928101109196164 0.4010444616049108
0.7933430444282592 0.8150603208272571 0.4372734054945487
0.8196649672250546 0.8310574925979937 0.483999319398453
0.8434085943190094 0.8372000530292987 0.5386306820412812
0.8617916970138382 0.8305492951522382 0.5961676897504026
0.8720757465404223 0.810044632993062 0.6496996191249036
0.8721922796795338 0.777564187546953 0.6919230920251823
0.8615586307356153 0.7377148791373901 0.7174194730573407
0.8412818645302258 0.6964890185160635 0.724173134562779
0.8139839766933721 0.6592978037032128 0.7138855804091463
0.7829628550619081 0.6295925582217509 0.6905095349659045
0.7514464675892206 0.6085531839674754 0.6587045011321545
0.7220305899490167 0.5956648548322948 0.6224755572425168
0.6964282592862345 0.5895510186044456 0.5847283483632842
0.6755367807720319 0.5886627778514295 0.5472952632750023
0.6596270939548433 0.5916721905519466 0.5112757352459982
0.6485797523670793 0.5976203102213973 0.4773241888407524
0.6420801165331391 0.6059348623447788 0.44588563276311144
0.6397669337217771 0.6163595386451014 0.41727419080402606
0.6413197378004369 0.6288788722435813 0.3918563407196053
0.646517115804807 0.6436342746033851 0.3701294451788543
0.65523670793882 0.6608599584603827 0.3526432208159366
0.6674581209031317 0.6807857174422202 0.34026150805596644
0.6832163146394755 0.7035419152415042 0.33403138620211253
0.7025462490895847 0.7290180741526361 0.3352617043833358
0.7253780043699927 0.7566618056476203 0.34554925853696855
0.7513998543335761 0.7852092447744046 0.36659555253065984
0.7798630735615439 0.8124530469751204 0.3997879664411084
0.8093809176984704 0.8351230721640373 0.4455976859547401
0.8377567370721049 0.8490211675283929 0.5026635079774355
0.862024763292061 0.8499049891731849 0.5668232922790991
0.8787764020393299 0.8349021167528392 0.6310616075285003
0.8850400582665694 0.8042556012196739 0.6865306336138634
0.8790677348871084 0.7619205444341333 0.7251416829182101
0.8611507647487253 0.7147090017234522 0.7424446684030733
0.8336198106336489 0.6697865570727827 0.7386490059290866
0.8001252731245447 0.6324340448097574 0.717812127796029
0.7646351056081572 0.605022316496531 0.6855620852584323
0.7305171158048069 0.5874254275487207 0.6470557438844026
0.7001136198106336 0.5781011091961642 0.6061934740782431
0.6747239621267297 0.5750850678333113 0.5653835582372421
0.6547967953386744 0.5766052410623537 0.5259348454903604
0.6402359796067005 0.5813447346325511 0.4885802913498162
0.6306569555717407 0.5884639179813513 0.4536863735717185
0.6255731973780043 0.5975429758274781 0.4214886849992802
0.6245447924253459 0.6084780591276681 0.39224899545829356
0.6272308812818644 0.6213951124663043 0.3662290747745508
0.6334246176256373 0.6365725396614963 0.3438477546693193
0.6430619082301529 0.6543638693711609 0.32568092875934196
0.6562010196649672 0.6751403066861108 0.3125662604871537
0.6729847050254916 0.6991780458703433 0.3056031831210817
0.6935702840495265 0.7265256971143224 0.3062837846681414
0.7180393299344501 0.7567722833532192 0.31649280787403644
0.7462228696285506 0.7887666268946926 0.3382720573799458
0.7774887108521485 0.8201864863670512 0.3736371608444696
0.8104588492352512 0.8473860974855274 0.4236875515359345
0.8427967953386745 0.865305581333687 0.48750703506406823
0.871114348142753 0.8685536258782977 0.5608549402510373
0.8913328477785869 0.8530425560121967 0.6356164024972842
0.8996067006554987 0.8184630341597066 0.7009017970498541
0.8935761107064821 0.7694109328737461 0.7464497467376936
0.8734450109249817 0.7143775686066551 0.766527492375954
0.8419810633648943 0.662384550797649 0.7615800426684818
0.8036474872541879 0.6198948252242698 0.7369736790440166
0.7632163146394756 0.5894847319810862 0.6998547177466854
0.7246496722505462 0.5705775774448716 0.6565841655432378
0.6905695557174071 0.5609615979495338 0.6114812245592451
0.6623073561544063 0.5580715011710636 0.5670850621048912
0.640189366351056 0.5597286667550488 0.5246259963613995
0.6239300801165331 0.5643731494984312 0.48462756698035425
0.6129497450837581 0.5710460029166115 0.44727301283981
0.6065870356882739 0.5792832206460736 0.41264086488750445
0.6042534595775673 0.5889765345353308 0.3808358310537545
0.6055003641660597 0.6002717751557736 0.3519364422862977
0.6100509832483613 0.6134915374077511 0.3261782914283471
0.6177946103423161 0.6290711034513236 0.30398021020117016
0.6287953386744355 0.6475252993945821 0.28586573825635125
0.6432483612527312 0.6693799991161784 0.27269871601900453
0.6614537509104151 0.695099208979628 0.2657094616703533
0.6837581937363437 0.7249259799372486 0.2665471251128883
0.7104297159504733 0.7586504043484025 0.27746292684842216
0.7415061908230153 0.7951743338194351 0.3011007421174562
0.7765040058266569 0.8321180785717442 0.34023533107338727
0.8140713765477057 0.8651730080869682 0.39693467533997356
0.8515950473415878 0.8881081797693225 0.47091082810884394
0.8850691915513474 0.8936762561315126 0.5576089944112143
0.9093080844865258 0.8760661098590304 0.6470819208669817
0.9193590677348871 0.834371823765964 0.7252463908485269
0.9120174799708667 0.7745591939546599 0.7785950813449735
0.8875455207574653 0.7080648725087277 0.7998769681818778
0.8496431172614712 0.6467364885766053 0.7906888472965722
0.8040640932265112 0.5984002828229263 0.7589361674279808
0.7568099053168243 0.5653961730522781 0.7142520581652554
0.7125331391114347 0.5460661098590304 0.6643325523866864
0.6740626365622724 0.5370391974899466 0.6139680379042708
0.6425928623452294 0.5349056520394184 0.5655406201327174
0.6181529497450837 0.536980644305979 0.5199403164797195
0.6001252731245448 0.5414567590260285 0.4773503658233316
0.5876125273124544 0.5472778293340405 0.43769223721581624
0.579699927166788 0.5539418445357727 0.4007826917791187
0.5755921340131099 0.5613283839321225 0.36654319856550144
0.5746686088856519 0.5695678112156967 0.33486904964464753
0.5765214857975237 0.5789517875292766 0.3057340680339778
0.5809235251274582 0.5898934994918026 0.2792691386463883
0.5878455935906773 0.602903354103142 0.2556313233773543
0.5974187909686817 0.6185801405276415 0.235187099982985
0.6099373634377275 0.6375999823235671 0.2184338311322854
0.6258353969410051 0.6606964514560961 0.20631388819810742
0.6456664238892935 0.6885987007821821 0.20013612030941194
0.6700568099053168 0.721874585708604 0.20186380115964034
0.6995979606700655 0.7606610985903045 0.21421933693703127
0.7346686088856518 0.8041672190551947 0.2408151512375169
0.7750939548434085 0.8498828936320649 0.28578720730861357
0.8196358339402767 0.8926598612400019 0.35293116762430804
0.8653168244719591 0.9242343895001989 0.44339881941808573
0.9070648215586306 0.9339785231340315 0.552530659790846
0.9378587035688273 0.9125458482478235 0.6670811355575044
0.9504442825928623 0.8577930973529542 0.7667369082365876
0.9402184996358337 0.7786468690618233 0.8316296480504692
0.9076474872541879 0.6925118211144992 0.8523879952357892
0.8583539694100509 0.6165363029740598 0.8335929217439106
0.8007079388201018 0.5603539705687393 0.78875175058571
0.742639475600874 0.5250078218215564 0.7317906364933314
0.6897800436999271 0.5064085907463874 0.6723688860385064
0.6450313182811361 0.49908966370586416 0.6153815949635486
0.609142024763292 0.49833178664545497 0.5625302671361073
0.5815265841223597 0.5008020681426488 0.5139719644516577
0.5609497450837582 0.5044277254849971 0.46931403217151163
0.5460040786598688 0.5080602324450926 0.42803293064408476
0.5353491624180626 0.5111491890936409 0.3897360051306886
0.5278409322651129 0.5134922002739847 0.3540567778752144
0.5225593590677349 0.5150687171328826 0.3207858330170282
0.5187965331391113 0.5159357461664236 0.2896875777129171
0.5160208594319009 0.5161690750806487 0.26063112704998503
0.5138391842680262 0.5158307923461046 0.2334855961153358
0.5119589220684632 0.5149524945865924 0.20809392301349425
0.5101564457392571 0.513529320783066 0.18437757679672265
0.5082493809176984 0.5115148702991736 0.16220567255212492
0.5060757465404224 0.5088174466392682 0.14152585631454265
0.503475018208303 0.5052951964293606 0.1222334201536589
0.5002721048798251 0.5007468292898493 0.1043021870868945
0.49626103423160955 0.49489813955543777 0.08770859782992813
0.4911889293517844 0.4873856555747051 0.07245265238275986
0.4847370721048798 0.4777343232135755 0.05861288169312723
0.47649526584122354 0.46532988642891865 0.04636467154431108
0.4659402767662053 0.4493835344027575 0.036032616520293714
0.45240786598689 0.4288965486764771 0.028195227936075803
0.4350531682447195 0.4026492553802643 0.023841995733151843
0.41282447195921335 0.3692231207742278 0.024611599020980854
0.38448361252731245 0.32712448627866897 0.03317147232438517
0.3486554989075018 0.2751557735648946 0.05370469745952384
0.3040670065549891 0.21328825842944898 0.09246757326283
0.2500801165331391 0.14417340580670823 0.15791264740913316
0.1877057538237436 0.07580980158204076 0.2595055167990786
0.12122359796067005 0.02408413982058428 0.40300773529835227
0.059810633648943935 0.012130452074771378 0.5816656414015158
0.01736343772760379 0.06093950240841404 0.7669725010798005
0.008302986161689735 0.17166025895974196 0.9126997630983076
0.03962126729788782 0.3159198373768174 0.9809431566823292
0.10572469045884922 0.45162402227230547 0.9685090899572008
0.19158048069919884 0.5505678554067789 0.9033284033349476
0.2809293517844137 0.6084095629501967 0.8190123424472862
0.36235688273852873 0.6352357594237483 0.7369736790440166
0.4305287691187181 0.6437160281055283 0.6655105166027513
0.4845943190094683 0.6435635688718018 0.6053819876182873
0.5261509104151493 0.6408016262318265 0.5547295263275003
0.5577596504005826 0.638735693137125 0.511485151106632
0.5821034231609613 0.6390140969552344 0.4741305969660878
0.6016023306627821 0.6423792478677802 0.44174966951559497
0.6182782228696285 0.6491183879093199 0.4139758909990446
0.6337567370721049 0.6593243183525564 0.39080926141643657
0.6493139111434814 0.672994829643378 0.3725639045587216
0.6659402767662054 0.690072473374873 0.35986806800780086
0.6843641660597232 0.710382694772195 0.35358559218878843
0.7050808448652586 0.7335299836492996 0.3549206183003286
0.7283029861616898 0.7587166909717619 0.3651819954713821
0.7538703568827385 0.7845242829996906 0.3857832807612267
0.7811332847778586 0.8087409960669937 0.4177191995078728
0.8087982520029132 0.8282071677935393 0.4610159286938995
0.8348142753095411 0.8392328428123204 0.5139981414342369
0.8565477057538237 0.8382164479208095 0.5725560514639478
0.8710560815731974 0.8230368111715056 0.6302501210685445
0.8758048069919881 0.7942463210924035 0.6793843173697369
0.8694828841951929 0.75557912413275 0.7131264479143491
0.8525273124544791 0.7129281011091961 0.7278902660890281
0.8270648215586307 0.6724137169119272 0.7239113647369869
0.796337946103423 0.6385523001458306 0.7046712825412617
0.7638485069191551 0.6134517654337355 0.6749342303312698
0.7325768390386015 0.5971342083167617 0.6392550030757955
0.704652585579024 0.5883799549250961 0.6010627854927163
0.6812906045156591 0.5855561447699854 0.5626349750664241
0.6629774217042972 0.5871470237306112 0.5253327748910384
0.649698470502549 0.5920036236687437 0.4899414944439355
0.6411653313911143 0.5993769057404216 0.45690614242896227
0.6370050983248361 0.6088868266383843 0.4265931966022278
0.6368448652585579 0.620431746873481 0.3992906037721032
0.6404078659868899 0.6341155154889744 0.3754171956598563
0.6475251274581209 0.6501590878960626 0.3554965119170714
0.6581412964311725 0.6688364488046312 0.34018297710822876
0.6722884195193007 0.6903729727341023 0.33044513958875965
0.6900305899490167 0.7148371558619471 0.327487140557308
0.7114027676620539 0.741961642140616 0.33280106802088927
0.7362651128914784 0.7709134296698926 0.3481669567948903
0.7641456664238893 0.8000132573246719 0.3752863107469603
0.7940247632920611 0.826461620045075 0.4153109171105847
0.824122359796067 0.8463476070528967 0.46808371399028836
0.8517989803350327 0.8551195368774581 0.5310131801107286
0.8736489439184267 0.8487118299527155 0.598392733269636
0.8862636562272396 0.8253789385302046 0.6616886771461854
0.8869045884923524 0.7871978434751867 0.7116343599073336
0.8747268754552074 0.7400061867515135 0.7412667041870085
0.851099781500364 0.6914689115736444 0.7482036045705013
0.8192279679533867 0.6484135401475982 0.7349580513854169
0.7832250546249089 0.6148747182818507 0.7069486800256535
0.747021121631464 0.5918776790843608 0.670039134588956
0.7135994173343043 0.5783507888108179 0.6290198028873213
0.6848128186453022 0.5723076583145521 0.5870842767954139
0.6615061908230152 0.5717177073666534 0.5460649450937791
0.643796067006555 0.5749480754783685 0.5069303561378481
0.6313765477057538 0.5808763091608113 0.4701516956140466
0.6237552804078659 0.5888616377215078 0.435990733348167
0.6204253459577567 0.5986477528834682 0.4046307082182637
0.6209613983976693 0.6102567501878121 0.37628103608497054
0.6250662782228696 0.6239051659375139 0.35125584073923805
0.6325943190094683 0.6399376905740422 0.3300001308849129
0.6435484340859432 0.6587564629457775 0.3131683310864757
0.6580422432629278 0.6807525741305405 0.30167663573419895
0.6762651128914785 0.7061911706217685 0.2967815399918852
0.6984005826656955 0.7350567855406779 0.30007983979686664
0.7245185724690458 0.7667815634804896 0.31366569375548087
0.7543714493809176 0.7999248751601927 0.3397379684043821
0.787169701383831 0.8317203588315878 0.3803384683847494
0.8212672978878367 0.8579035750585531 0.43625250317395925
0.8538965768390386 0.8729506385611384 0.5057785689043625
0.8812818645302257 0.8712050908126739 0.5833933222517441
0.8990240349599418 0.8491758363162314 0.6594898106095312
0.9034522942461761 0.8079676521278005 0.7222622148344962
0.8927021121631463 0.7539219585487649 0.7619203434420115
0.867822286962855 0.6966679923991338 0.7742758792194026
0.8324836125273124 0.6452317822263467 0.7618156355116947
0.7915746540422431 0.6051482610809139 0.7313194508069056
0.7499810633648942 0.5778448009191745 0.6902739421226916
0.7114027676620539 0.5618829820142295 0.6447783464000105
0.6780917698470502 0.5546201776481506 0.5986021491302698
0.6510123816460306 0.5534093419947854 0.5538395089198068
0.6302083029861617 0.556146979539529 0.5114066201588944
0.6152192279679534 0.5614167660966017 0.47156525267332444
0.6053546977421704 0.5684033761986831 0.43447246835857234
0.5999213401310998 0.5767532811878563 0.400102090232059
0.5983277494537509 0.5864465950771135 0.3685064722589428
0.6001398397669337 0.5976888063988687 0.3398164993521197
0.6051128914785141 0.6108489106898228 0.3142154103896444
0.6131711580480699 0.6263975429758275 0.2920958601102051
0.6244166059723233 0.6448848822307659 0.2739813881653862
0.639088128186453 0.6668854125237528 0.26073583498030184
0.6575294974508376 0.6929139599628795 0.25356334175359607
0.6801398397669337 0.7232887003402713 0.2542177663180766
0.7072600145666422 0.7578770604092094 0.2649765061581352
0.7389949016751638 0.7956825312651907 0.2886928523749068
0.7749424617625637 0.8343055371426046 0.3283771579650014
0.8138091769847049 0.8693932564408502 0.386411528343128
0.8529351784413692 0.8943833134473463 0.4629006714396033
0.8881864530225783 0.9014317910645631 0.5534206771985394
0.9140859431900945 0.8840646957443988 0.6476316375011454
0.9252148579752367 0.8408679128551857 0.7304556103817914
0.9180480699198834 0.7780723849927084 0.7871549546483777
0.8927312454479241 0.7079764903442486 0.8097718675968223
0.8531391114348141 0.6434641389367626 0.7999816761121946
0.8054799708667152 0.5929426841663352 0.7665013153933746
0.7561252731245447 0.5587896062574573 0.7197754014894704
0.7099927166788055 0.539045914534447 0.6679973299477769
0.6700276766205389 0.5299863007645058 0.6161669044409251
0.6374042243262927 0.527923461045561 0.5666138764184654
0.6120815731973779 0.5300002209554112 0.5201497323403532
0.5933401310997815 0.5343152591806973 0.47685300315432644
0.5801951930080116 0.5397651243978966 0.436592803947489
0.5716474872541879 0.545823500817535 0.39910736489404874
0.5668259286234522 0.552348756021035 0.36426580108110945
0.5650575382374363 0.5594414247204914 0.33191105061319587
0.5658674435542608 0.5673626762119405 0.3019645825425703
0.568978878368536 0.5764837155861947 0.2744787508343914
0.5743015294974508 0.5872597109903221 0.24945355548865883
0.5819111434814275 0.6002342127358699 0.227150766331165
0.5920349599417334 0.6160413628529763 0.20785833017028127
0.6050517115804807 0.6354081046444827 0.19217831760532963
0.6214770575382373 0.6591320871448142 0.1810007460440035
0.641957756737072 0.6880308453754032 0.17573917254558066
0.6672134013109978 0.7227849220027399 0.17848775571639858
0.6979461034231609 0.7636439966414778 0.19217831760532963
0.7346482155863072 0.8098457731229838 0.22081593654699427
0.7772119446467588 0.8587653011622254 0.2691386463882309
0.8243845593590677 0.9048124088558929 0.3414918262371897
0.8729497450837581 0.9387069689336691 0.4394460950486238
0.9172906045156591 0.9483627204030227 0.5578969412195857
0.9495411507647488 0.9232179946086879 0.6817402458018664
0.96163146394756 0.8612179062265235 0.7877308482651205
0.9486088856518572 0.7734323213575501 0.8538015522950669
0.9115222141296431 0.6800985461133943 0.8707380600238211
0.8570429715950473 0.6001347828008308 0.8456605107129301
0.7947006554989074 0.5430038888152371 0.7946415716660341
0.7330050983248361 0.5085242388086084 0.7330733086397133
0.677686817188638 0.49137169119271734 0.6707720901011741
0.6314289876183539 0.4853130938176676 0.6122403570540425
0.5946598689002185 0.4852976269388838 0.5587084276795415
0.5664792425345958 0.4879004816827964 0.5099668861170373
0.545412964311726 0.49106677272526406 0.46538748478462894
0.5298651128914784 0.4936784656856246 0.4243681530829942
0.518361165331391 0.49520084846877904 0.38643770532570715
0.5096495265841223 0.49540854655530514 0.35125584073923805
0.5027137654770575 0.4942175968889478 0.3185607894977946
0.4967461034231609 0.4915771797251315 0.2881954897059016
0.49109861616897305 0.48740554156171284 0.26002905645066304
0.4852323379461034 0.4815568518273013 0.2340353127494994
0.47867443554260736 0.47378805956957887 0.21018808161983168
0.470965768390386 0.46374563613062886 0.18859207099197678
0.46162855061908226 0.4509434796058156 0.1694043427614099
0.45012672978878365 0.43475628618144857 0.1530437286493986
0.4358339402767662 0.41440850236422294 0.1400599452901064
0.4180247632920612 0.3889942109682266 0.13155242595186054
0.3958455935906773 0.35754341773830045 0.1290656126068348
0.3683699927166788 0.31918997746254807 0.1350601416174758
0.334680262199563 0.27356489460426886 0.15312225959713624
0.29411507647487256 0.22150779972601534 0.1881732392707093
0.24672978878368532 0.16620266030315087 0.24607672473593975
0.1940568099053168 0.11478633611737152 0.3324345902647802
0.14010196649672246 0.0792346104556101 0.44889598575972156
0.0920611798980335 0.0748596933138893 0.5878695862727904
0.059810633648943935 0.11392461001369929 0.7285185136709291
0.05278951201747995 0.19578858986256578 0.8407130610054578
0.07560087399854334 0.30257634009456896 0.8997683337041739
0.12489439184268028 0.4076362190110036 0.9007630590421842
0.1908812818645302 0.4905342701842768 0.8584087012290094
0.26208885651857244 0.544639621724336 0.7941965629621873
0.3293838310269483 0.5739604047903133 0.7248013821446803
0.38758048069919876 0.5863957753325378 0.6589139169927883
0.4349220684632192 0.5892593574616642 0.599465989555384
0.4718689002184996 0.5877811657607495 0.5464837768150466
0.4999860160233066 0.5852026161120686 0.49899873041634496
0.5212093226511288 0.5833443811038933 0.4560946559690065
0.5374319009468317 0.5831411021255911 0.4170385979608131
0.5503219227967954 0.5850567855406779 0.3813593707053388
0.5612731245447924 0.5893300631932475 0.3487690273942123
0.5714260742898761 0.5961376994122586 0.3192152140622751
0.5817334304442825 0.6057006496089089 0.2927241076921064
0.593005098324836 0.6183172035883159 0.2695313011269192
0.6059752367079387 0.6343961288611958 0.25002944910540165
0.6213576110706481 0.6544323655486323 0.23489915317461363
0.6398485069191551 0.6789716735162844 0.22523984660288207
0.6621558630735614 0.708484687790004 0.22259597136238105
0.6889206117989802 0.7431680586857572 0.22924492493750248
0.7206205389657684 0.7825577798400283 0.24809235239453947
0.7573109978150037 0.8249149321666888 0.28275067732942427
0.7982520029133283 0.8665650271775156 0.336727615407772
0.8413983976693371 0.901100357947766 0.4121435022184994
0.8828550619082302 0.9196827080295197 0.507035064068165
0.9169701383831027 0.9130982367758187 0.6128162506707853
0.9370429715950473 0.8761986831057492 0.713597633600775
0.9375965040058266 0.8123646648106413 0.790531785401097
0.9168536052439912 0.734157497017102 0.8300852060782954
0.8778150036416605 0.6577732113659464 0.8302946219389292
0.8270356882738528 0.5955853108842636 0.7997984372341402
0.7722447195921339 0.5524194617526182 0.751292488514849
0.7197319737800436 0.5268297317601308 0.6956664005340105
0.673494537509104 0.514448716249061 0.6396476578144838
0.635277494537509 0.5106317115206152 0.586377498265775
0.6052177713037145 0.5116914136727209 0.5368244702433151
0.5825258557902403 0.5151369923549428 0.4909885737471042
0.5660189366351055 0.5194840691148527 0.4485556849861917
0.5544646758922068 0.5239624596756375 0.4091593262044685
0.5467501820830298 0.5282606390030492 0.3724591966284047
0.5419595047341588 0.5323390339829422 0.3382197034147874
0.5393981063364894 0.5363107074992267 0.30625760768556215
0.5385695557174071 0.5403689955367007 0.27644202452783273
0.5391510560815732 0.544753413761103 0.2486420690287031
0.5409666423889293 0.5497370630606744 0.22275303325785636
0.5439638747268754 0.5556277343232137 0.19872256325013415
0.5481981063364894 0.5627844800919174 0.17652448202295723
0.5538295702840496 0.5716337443103982 0.15618496655890474
0.5611187181354698 0.5826903530867471 0.1378349017708729
0.5704326292789512 0.5965884484511026 0.12168370351949531
0.5822723962126729 0.6141080030049936 0.10817638050861876
0.5972672978878368 0.6361858676918998 0.09799615198356086
0.6162155863073562 0.6639047240266914 0.09234977684122352
0.6400611798980335 0.6984245879181581 0.09310367393950501
0.6698674435542608 0.7407574351495867 0.10315039985340889
0.7066773488710852 0.7913076141234698 0.12676203813986364
0.7512192279679534 0.8489106898227937 0.1698493514652566
0.8032978878368535 0.9093640903265722 0.2395324790911352
0.860830298616169 0.9634760705289673 0.3419891889061948
0.9185724690458849 0.9960669936806752 0.47782155150975747
0.9674289876183539 0.988952229440099 0.6349619779328037
0.9956882738528768 0.9303990454726236 0.7851655039723572
0.993386744355426 0.8270581996553095 0.892569663494889
0.9578732702112162 0.7052233859207212 0.9343219507087418
0.8959067734887108 0.5958460382694772 0.914165674122744
0.820189366351056 0.5170692474258695 0.8549795165111318
0.7432279679533866 0.4704339564275929 0.7811080716725783
0.6736227239621266 0.44809094524724913 0.7079957593288222
0.6153619810633648 0.4405475275089487 0.641951232281455
0.5690487982520028 0.44033982942242256 0.5840739237988037
0.5333887836853605 0.4426443943612179 0.5333429315602791
0.5062968681718863 0.44467718414423973 0.48842322945434086
0.4855528040786598 0.44497326439524504 0.44826773817782034
0.46911871813546974 0.44280569181139245 0.41216967920107855
0.4552658412235979 0.43782093773476516 0.3797887517505858
0.4425695557174071 0.42980467541650097 0.35099407091344587
0.4298587035688273 0.4185624640947457 0.3259950525502926
0.4161602330662782 0.40385125281718154 0.30507964346949734
0.40063801893663503 0.38538600910336296 0.28890226823554055
0.38255498907501817 0.36287507181050865 0.2784576521864325
0.36126729788783685 0.33613504794732424 0.27510699841629255
0.3362563729060451 0.3052896725440806 0.2807612266534037
0.30723962126729787 0.2710680984577313 0.297723911364737
0.2743656227239621 0.23529541738477175 0.32866510477337285
0.23849089584850688 0.20126828406027666 0.37583602738112387
0.20154406409322648 0.17417915064739936 0.44010051961310426
0.1667589220684632 0.16070087056432017 0.5189979451068676
0.13861616897305173 0.16719695965354192 0.6053558106357081
0.12215586307356152 0.19698174908303506 0.6872374121435023
0.12128186453022578 0.2473816783773035 0.7509783647238983
0.13736343772760376 0.3096447036987936 0.7864481761187389
0.16836125273124544 0.3721861328383932 0.7911600329829981
0.20952658412235978 0.42542533916655617 0.7700875620067276
0.2550327749453751 0.46462724822130896 0.7320524063191237
0.29971158048069924 0.48967033452649256 0.6853788463803778
0.3399679533867443 0.5031028768394539 0.6361137651662894
0.37389657683903854 0.5082244023156127 0.587581639464419
0.4009351784413692 0.5079530690706616 0.5413530882295199
0.4213750910415149 0.5044202130010165 0.497925474130597
0.4359475600873998 0.4989725573379292 0.45740350509796746
0.4455178441369264 0.4923328472314287 0.4196824732013141
0.4508900218499636 0.4847673339520085 0.38465767051032035
0.4527254187909686 0.47624508374210084 0.35230292004240676
0.451495994173343 0.4665274647576119 0.3225920448149942
0.4474756008739985 0.45523222413716913 0.2956297527583996
0.44074872541879095 0.44186884086791284 0.2716516367158358
0.4312250546249089 0.4258628308807283 0.25097182047825345
0.4186569555717407 0.4065579566043573 0.23421855162755387
0.4026482155863073 0.3832714658181979 0.22228184757143044
0.38270065549890747 0.35534712095099213 0.21657526536916089
0.3582549162418062 0.3223297538556719 0.21898354776644902
0.3288069919883467 0.28425913650625306 0.23228145491669178
0.2941092498179169 0.24212293959079062 0.25984581757260844
0.25450837581937363 0.19868310574925982 0.3054984751907648
0.21142024763292058 0.1591320871448142 0.3724068426632463
0.16792425345957754 0.13155685182730126 0.4608850437810034
0.12908958485069194 0.12572362897167352 0.5654620891849798
0.10150036416605972 0.14949843121658052 0.6729971336204077
0.09168244719592133 0.2038092712890539 0.7644856877347749
0.10345229424617625 0.2793981174598966 0.8224153501825846
0.13587764020393298 0.36021697821379645 0.8391947960158632
0.18345229424617626 0.4309337575677228 0.8197714749420836
0.23844136926438453 0.48319634097839054 0.7764747457560567
0.29353241077931536 0.5162183481373459 0.7218433831132287
0.34359213401310995 0.5337127137743604 0.6646728531602163
0.3859548434085943 0.5406155817755978 0.6094394199180662
0.41991260014566634 0.5412145918953556 0.5578969412195857
0.44598106336489435 0.538568429890848 0.5102548329254087
0.4652760378732702 0.5345879181581157 0.46625132520974316
0.4790793882010197 0.5303285606964515 0.42544140936874214
0.4886150036416605 0.5262814530027841 0.3875109616114551
0.494914493809177 0.5225963807503646 0.35217203512951073
0.49879679533867444 0.5192326218569092 0.31916286009711664
0.5008710852148579 0.5160513058464802 0.2883263746187978
0.501563000728332 0.5128671174157056 0.2595055167990786
0.5011463947560088 0.509471032745592 0.23262175569022156
0.4997707210487982 0.5056359096734279 0.20751802939675143
0.49748230152949746 0.501111405718326 0.1841419839535097
0.4942400582665695 0.49561182553360733 0.1624412653953379
0.4899198834668609 0.48879535109814837 0.14241587372223605
0.4843175528040787 0.48025100534712095 0.12403963195162493
0.4771332847778587 0.4694595430642096 0.10744342499640065
0.4679708667152221 0.4557801935569402 0.09284975720848658
0.45630298616168974 0.43840646957443985 0.08067222491263434
0.441468317552804 0.4163551195368775 0.07160975354370899
0.42262490895848503 0.38847054664368735 0.06681936573171209
