aNO,aNP,BrainSum
1.0267,0.92262,1.03E+10
1.1088,0.9579,1.03E+10
1.0962,0.93418,1.03E+10
1.0831,0.91351,1.03E+10
1.0729,0.93408,1.03E+10
1.0651,0.9577,1.03E+10
0.99736,0.92262,1.03E+10
0.93841,0.95859,1.03E+10
0.8876,0.94408,1.03E+10
0.82851,0.94232,1.03E+10
0.84774,0.93507,1.03E+10
0.8563,0.94614,1.03E+10
0.82697,0.92683,1.03E+10
0.84465,0.90116,1.03E+10
0.84437,0.94398,1.02E+10
0.82963,0.9381,1.02E+10
0.82009,0.91508,1.02E+10
0.80269,0.94624,1.02E+10
0.87707,0.90596,1.02E+10
0.93462,0.91635,1.02E+10
1.009,0.92144,1.02E+10
0.97799,0.92987,1.02E+10
1.0702,0.9043,1.02E+10
0.94781,0.92977,1.02E+10
0.95357,0.92517,1.02E+10
0.88522,0.90831,1.02E+10
0.84367,0.90772,1.02E+10
0.88606,0.91341,1.02E+10
0.89434,0.909,1.01E+10
0.92578,0.91174,1.02E+10
1.0163,0.92125,1.02E+10
1.0797,0.88813,1.02E+10
0.94683,0.90194,1.01E+10
0.93139,0.90028,1.01E+10
0.94529,0.88185,1.01E+10
0.87722,0.87205,1.01E+10
0.84985,0.85775,1.01E+10
0.82402,0.9579,1.01E+10
0.88592,0.96878,1.01E+10
0.94936,0.92948,1.01E+10
0.96873,0.91547,1.01E+10
0.96452,0.88705,1.03E+10
1.064,0.9336,1.03E+10
0.98781,0.89636,1.03E+10
0.94992,0.93075,1.02E+10
1.0253,0.91106,1.02E+10
0.97939,0.92586,1.02E+10
0.90051,0.88548,1.02E+10
0.90206,0.90949,1.01E+10
0.85967,0.89205,1.01E+10
0.90079,0.90782,1.01E+10
0.97041,0.88597,1.01E+10
0.93813,0.89969,1.01E+10
1.0564,0.87127,1.01E+10
1.0371,0.92821,1.01E+10
1.1259,0.91076,1.01E+10
1.0744,0.90351,1.00E+10
0.98234,0.89156,1.00E+10
0.97209,0.88744,1.00E+10
0.95539,0.8846,1.00E+10
0.97631,0.90577,1.00E+10
1.05,0.87431,1.00E+10
1.0169,0.90028,1.00E+10
1.0138,0.91762,1.00E+10
1.0531,0.91978,1.00E+10
0.9916,0.91958,1.00E+10
0.9509,0.89597,1.00E+10
0.85602,0.93585,1.00E+10
0.87188,0.92017,1.00E+10
0.84493,0.91027,1.00E+10
0.81223,0.95966,1.00E+10
0.80956,0.92468,1.00E+10
0.82739,0.93948,1.00E+10
0.80381,0.9043,1.00E+10
0.80942,0.90106,1.00E+10
0.84746,0.89675,1.00E+10
0.89841,0.89224,1.01E+10
0.90094,0.89283,1.04E+10
0.99174,0.8945,1.06E+10
1.047,0.86725,1.06E+10
1.0879,0.89881,1.05E+10
1.1759,0.96015,1.04E+10
1.2097,0.95643,1.03E+10
1.2433,0.91733,1.03E+10
1.2782,0.93399,1.02E+10
1.3866,0.943,1.02E+10
1.2917,0.91018,1.01E+10
1.3781,0.8698,1.01E+10
1.368,0.8892,1.01E+10
1.4929,0.88872,1.01E+10
1.4925,0.87705,1.01E+10
1.5685,0.88969,1.01E+10
1.5061,0.88881,1.01E+10
1.4701,0.88617,1.01E+10
1.3828,0.92164,1.01E+10
1.164,0.91037,1.00E+10
1.0774,0.89646,1.00E+10
1.0002,0.91341,1.00E+10
0.91609,0.93859,1.00E+10
0.86557,0.95947,1.00E+10
0.92929,1.0121,1.00E+10
0.93195,1.0379,1.00E+10
0.98711,0.99592,1.00E+10
1.0208,1.0123,1.00E+10
1.0972,0.91125,9.98E+09
1.1049,0.90439,9.98E+09
1.2174,0.93595,9.98E+09
1.2348,0.88166,9.98E+09
1.1683,0.93683,9.96E+09
1.2986,0.88734,9.95E+09
1.2378,0.90919,9.95E+09
1.1207,0.90204,9.95E+09
1.0254,0.89116,9.95E+09
0.95848,0.8405,9.94E+09
0.90739,0.88744,9.94E+09
0.90908,0.93026,9.94E+09
0.88578,1.0083,9.94E+09
0.8775,0.98818,9.93E+09
0.97546,0.94339,9.94E+09
0.92536,0.92125,9.93E+09
0.96494,0.92056,9.93E+09
0.92241,0.91165,9.92E+09
0.88536,0.87255,9.93E+09
0.87918,0.90273,9.92E+09
0.84971,0.90733,9.91E+09
0.88115,0.87813,9.92E+09
0.84353,0.87637,9.91E+09
0.84957,0.87304,9.91E+09
0.85083,0.96603,9.91E+09
0.89125,0.95555,9.91E+09
0.90823,0.94095,9.91E+09
0.91006,0.92987,9.90E+09
0.93574,0.95378,9.89E+09
0.92339,0.94545,9.90E+09
0.95399,0.92086,9.89E+09
0.98445,0.93889,9.89E+09
0.9836,0.95417,9.89E+09
1.0616,0.98367,9.88E+09
0.96367,1.0072,9.88E+09
0.95525,1.1518,9.89E+09
0.94627,1.2972,9.89E+09
0.86093,1.5065,9.88E+09
0.85953,1.9053,9.88E+09
0.83932,1.8716,9.88E+09
0.85335,1.9909,9.88E+09
0.8702,2.1942,9.88E+09
0.87314,2.6533,9.88E+09
0.92353,2.4942,9.88E+09
1.0086,2.5151,9.88E+09
1.0643,2.4404,9.87E+09
1.1042,2.1975,9.87E+09
1.1112,2.0651,9.88E+09
1.1258,1.8747,9.88E+09
1.2435,1.63,9.89E+09
1.2135,1.6293,9.88E+09
1.1315,1.393,9.87E+09
1.0826,1.3644,9.88E+09
0.95483,1.2629,9.87E+09
0.88409,1.2122,9.88E+09
0.8956,1.1372,9.89E+09
0.86486,1.0808,9.89E+09
0.82107,1.0855,9.89E+09
0.8309,1.038,9.88E+09
0.88718,0.9921,9.87E+09
0.85153,1.0103,9.88E+09
0.93069,0.97848,9.88E+09
0.96199,0.94496,9.88E+09
0.97378,0.9627,9.89E+09
1.1307,0.94428,9.89E+09
1.0671,0.92595,9.90E+09
1.1074,0.97015,9.89E+09
1.0869,0.90959,9.91E+09
1.0202,0.91449,9.91E+09
0.98052,0.91713,1.02E+10
0.88115,0.90929,1.03E+10
0.86009,0.91096,1.02E+10
0.87988,0.87882,1.02E+10
0.93013,0.88254,1.01E+10
1.1036,0.8892,1.01E+10
1.0852,0.89822,1.01E+10
1.0925,0.8845,1.00E+10
1.1169,0.89067,1.00E+10
1.2041,0.87519,1.00E+10
1.1825,0.85922,9.99E+09
1.3026,0.90077,9.97E+09
1.3812,0.87421,9.96E+09
1.3446,0.88058,9.96E+09
1.4264,0.86578,9.95E+09
1.3673,0.90096,9.94E+09
1.4553,0.85148,9.94E+09
1.3307,0.86471,9.94E+09
1.2542,0.85432,9.94E+09
1.0767,0.83638,9.93E+09
1.008,0.8798,9.93E+09
1.0155,0.85138,9.93E+09
0.91258,0.88205,9.92E+09
0.90458,0.85471,9.92E+09
0.88002,0.84217,9.92E+09
0.9902,0.85628,9.91E+09
1.0138,0.88793,9.90E+09
1.0706,0.90263,9.90E+09
1.1042,0.87695,9.90E+09
1.1496,0.85363,9.91E+09
1.0569,0.87157,9.90E+09
1.0629,0.85167,9.90E+09
1.1096,0.87499,9.91E+09
1.1096,0.88626,9.91E+09
1.1707,0.88705,9.92E+09
1.1539,0.8651,9.91E+09
1.1805,0.85314,9.90E+09
1.0849,0.87235,9.89E+09
1.0812,0.84589,9.87E+09
1.0931,0.8797,9.86E+09
1.0799,0.9187,9.86E+09
1.0253,0.87225,9.85E+09
0.97153,0.86382,9.85E+09
0.95595,0.88548,9.85E+09
0.8695,0.88813,9.85E+09
0.92073,0.87529,9.85E+09
0.98894,0.86108,9.84E+09
0.98417,0.84628,9.84E+09
1.1268,0.88068,9.84E+09
1.1342,0.87421,9.83E+09
1.1776,0.90381,9.84E+09
1.3068,0.85687,9.83E+09
1.1832,0.86941,9.83E+09
1.2739,0.89675,9.83E+09
1.1543,0.86911,9.83E+09
1.1106,0.86186,9.84E+09
1.042,0.84805,9.84E+09
1.0139,0.83207,9.84E+09
0.93013,0.86667,9.84E+09
0.85307,0.83834,9.83E+09
0.85335,0.89244,9.83E+09
0.86514,0.9089,9.83E+09
0.82528,0.89028,9.84E+09
0.80451,0.90978,9.83E+09
0.83244,0.91272,9.84E+09
0.8782,0.89636,9.83E+09
0.88437,0.90106,9.82E+09
0.96508,0.88127,9.82E+09
0.91876,0.84501,9.82E+09
0.93939,0.87441,9.83E+09
0.91315,0.88852,9.83E+09
0.86121,0.87176,9.84E+09
0.93237,0.92154,9.83E+09
0.94655,0.91096,9.83E+09
1.0388,0.89518,9.82E+09
0.99581,0.86921,9.82E+09
0.94164,0.8701,9.82E+09
0.96732,0.91076,9.81E+09
0.87595,0.90998,9.81E+09
0.86907,0.87499,9.81E+09
0.91581,0.88254,9.81E+09
0.90809,0.89038,9.82E+09
0.80058,0.87039,9.81E+09
0.86304,0.88675,9.83E+09
0.87525,0.89312,9.86E+09
0.88199,0.8552,9.89E+09
0.89981,0.88362,9.88E+09
0.86627,0.85922,9.87E+09
0.91469,0.92135,9.87E+09
0.92494,0.87588,9.86E+09
0.97743,0.90224,9.87E+09
0.99722,0.87676,1.01E+10
1.0339,0.88244,1.03E+10
1.0047,0.89312,1.02E+10
0.96606,0.87676,1.01E+10
0.9328,0.91008,1.01E+10
0.95525,0.89352,1.00E+10
0.91876,0.89636,1.00E+10
0.88802,0.87088,9.97E+09
0.87778,0.8944,9.95E+09
0.86879,0.8697,9.95E+09
0.86823,0.86676,9.94E+09
0.82472,0.89998,9.95E+09
0.84311,0.87774,9.95E+09
0.90178,0.86196,9.95E+09
0.93434,0.88323,9.95E+09
0.97027,0.90635,9.95E+09
1.0983,0.94163,9.94E+09
1.184,0.89381,9.93E+09
1.4069,0.9138,9.93E+09
1.191,0.91057,9.92E+09
1.1739,0.92174,9.92E+09
1.079,0.86853,9.91E+09
1.0277,0.88724,9.89E+09
0.95202,0.88058,9.88E+09
0.90332,0.90439,9.87E+09
0.90837,0.92203,9.88E+09
0.89027,0.93546,9.86E+09
0.92199,0.88058,9.85E+09
0.91118,0.88352,9.85E+09
0.90094,0.88303,9.84E+09
0.99722,0.8699,9.83E+09
1.0253,0.85549,9.82E+09
1.0346,0.86461,9.82E+09
1.1216,0.83844,9.82E+09
1.0772,0.85863,9.83E+09
1.183,0.8896,9.83E+09
1.2616,0.84628,9.82E+09
1.2828,0.87186,9.82E+09
1.1836,0.86686,9.81E+09
1.168,0.84971,9.81E+09
1.1995,0.8502,9.82E+09
1.1339,0.84471,9.82E+09
1.1057,0.8551,9.82E+09
1.0607,0.85677,9.81E+09
1.0143,0.87304,9.80E+09
1.0104,0.85647,9.80E+09
0.86992,0.99768,9.80E+09
1.0271,0.94408,9.80E+09
0.98473,1.0198,9.81E+09
1.0242,1.1841,9.80E+09
1.057,1.0766,9.80E+09
1.0772,1.0692,9.79E+09
1.1301,1.0431,9.79E+09
1.0517,1.0231,9.80E+09
0.99624,0.98779,9.80E+09
1.0169,0.99033,9.79E+09
1.0223,0.98416,9.79E+09
1.0654,1.0244,9.79E+09
1.0535,1.0137,9.80E+09
1.0884,1.2505,9.79E+09
1.1209,1.5073,9.79E+09
0.9989,1.9238,9.80E+09
0.95118,2.6408,9.79E+09
0.92662,2.9278,9.79E+09
0.8869,2.991,9.80E+09
0.91553,2.9805,9.79E+09
0.87329,2.9022,9.78E+09
0.88395,2.4863,9.79E+09
0.86037,2.6578,9.78E+09
0.87357,2.642,9.78E+09
0.82978,2.2553,9.79E+09
0.81265,2.0847,9.79E+09
0.84002,1.8085,9.79E+09
0.87286,1.6548,9.79E+09
0.90094,1.5236,9.79E+09
0.88325,1.4702,9.80E+09
0.95455,1.3206,9.80E+09
1.0872,1.2042,9.80E+09
1.1103,1.2183,9.81E+09
1.1722,1.1438,9.81E+09
1.2558,1.1025,9.79E+09
1.2805,1.0288,9.79E+09
1.202,1.0195,9.79E+09
1.066,0.99592,9.79E+09
0.97055,0.98896,9.79E+09
0.93673,0.96388,9.80E+09
0.87567,0.94781,9.79E+09
0.87778,0.92595,9.79E+09
0.85209,0.92527,9.80E+09
0.85335,0.95682,9.82E+09
0.82949,0.93703,9.89E+09
0.8702,0.89812,9.92E+09
0.89981,0.92458,9.93E+09
0.96971,0.87901,9.92E+09
1.0564,0.90067,1.00E+10
1.0145,0.89126,1.02E+10
0.96227,0.91174,1.02E+10
1.0079,0.8941,1.01E+10
1.0793,0.88666,1.01E+10
0.94094,0.86196,1.01E+10
0.97771,0.86676,1.03E+10
0.92844,0.89087,1.03E+10
0.89588,0.85706,1.03E+10
0.93757,0.87401,1.02E+10
1.0228,0.8549,1.01E+10
0.91694,0.88283,1.01E+10
0.92634,0.86823,1.01E+10
0.88199,0.85069,1.00E+10
0.84381,0.8652,1.00E+10
0.86795,0.84834,9.98E+09
0.82823,0.87,9.96E+09
0.91006,0.84432,9.96E+09
0.90823,0.86216,9.94E+09
1.0513,0.80904,9.92E+09
1.1325,0.8454,9.91E+09
1.1666,0.84707,9.90E+09
1.1328,0.86284,9.89E+09
1.2313,0.84197,9.88E+09
1.2183,0.86618,9.87E+09
1.1408,0.85206,9.87E+09
0.95132,0.8795,9.87E+09
0.96999,0.855,9.86E+09
0.96971,0.8602,9.86E+09
0.83778,0.85637,9.85E+09
0.88311,0.84854,9.86E+09
0.82037,0.92193,9.85E+09
0.80928,0.89646,9.85E+09
0.84058,0.86725,9.85E+09
0.86374,0.88019,9.84E+09
0.95525,0.85353,9.84E+09
0.99792,0.85344,9.85E+09
1.1008,0.83629,9.84E+09
1.1014,0.87725,9.83E+09
1.1557,0.87245,9.83E+09
1.1943,0.8846,9.82E+09
1.2066,0.86618,9.82E+09
1.1216,0.84256,9.82E+09
1.1804,0.83776,9.81E+09
1.0619,0.82835,9.80E+09
0.95048,0.85461,9.81E+09
0.87371,0.8355,9.80E+09
0.81237,0.87147,9.81E+09
0.84185,0.86353,9.82E+09
0.8097,0.85246,9.81E+09
0.82374,0.85814,9.81E+09
0.91539,0.88088,9.81E+09
0.97448,0.82747,9.82E+09
1.1241,0.84413,9.81E+09
1.1165,0.87294,9.81E+09
1.1468,0.87029,9.81E+09
1.0625,0.87382,9.81E+09
1.1014,0.87,9.80E+09
1.1355,0.89675,9.79E+09
1.0931,0.86627,9.79E+09
0.95862,0.87205,9.77E+09
1.0308,0.87137,9.77E+09
1.0052,0.89979,9.77E+09
1.0607,0.87411,9.77E+09
0.93757,0.85834,9.78E+09
0.91118,0.85814,9.77E+09
0.87104,0.8505,9.77E+09
0.81813,0.87157,9.77E+09
0.84858,0.8456,9.76E+09
0.81883,0.84197,9.77E+09
0.82599,0.86451,9.78E+09
0.89139,0.84981,9.78E+09
0.83328,0.83707,9.79E+09
0.87609,0.86608,9.90E+09
0.93588,0.8554,1.01E+10
1.0289,0.85579,1.01E+10
1.0962,0.84403,1.01E+10
1.1157,0.87274,9.99E+09
1.1517,0.87117,9.94E+09
1.1772,0.91586,9.91E+09
1.1996,0.90547,9.89E+09
1.2848,0.89557,9.87E+09
1.2576,0.90508,9.86E+09
1.2525,0.87411,9.84E+09
1.0779,0.91282,9.85E+09
1.0274,0.86108,9.85E+09
0.99231,0.86725,9.85E+09
0.88872,0.86,9.88E+09
0.85476,0.91233,1.00E+10
0.87413,0.87068,1.01E+10
0.86781,0.86627,1.01E+10
0.85265,0.86902,1.00E+10
0.87104,0.83511,9.98E+09
0.89209,0.87255,9.94E+09
0.8775,0.86127,9.92E+09
0.94332,0.86245,9.89E+09
1.0361,0.86941,9.88E+09
0.94753,0.89773,9.87E+09
1.0972,0.93026,9.87E+09
1.1054,0.88734,9.86E+09
1.1287,0.85765,9.87E+09
1.2856,0.87901,9.89E+09
0.94416,0.86608,9.88E+09
1.0444,0.94575,9.92E+09
0.93827,0.89832,1.00E+10
0.88002,0.92713,1.01E+10
0.89715,0.89352,1.00E+10
0.86907,0.8748,1.00E+10
1.002,0.86941,9.98E+09
0.98038,0.88146,9.96E+09
1.1219,0.88382,1.00E+10
1.1739,0.88852,1.01E+10
1.2709,0.83658,1.02E+10
1.209,0.83237,1.01E+10
1.1401,0.87,1.00E+10
0.80339,0.97926,9.99E+09
0.85532,1.029,9.97E+09
1.0204,1.0265,9.95E+09
0.96732,1.0178,9.92E+09
0.90865,0.98387,9.90E+09
0.97588,0.99553,9.89E+09
0.88802,0.99259,9.87E+09
0.87665,0.98289,9.86E+09
0.91862,0.95555,9.85E+09
0.82921,0.98299,9.84E+09
0.85841,0.97132,9.84E+09
0.86486,0.99024,9.83E+09
0.85279,1.0642,9.83E+09
0.86851,1.2074,9.97E+09
0.85532,1.5025,9.98E+09
0.85462,1.6621,9.94E+09
0.86037,1.8166,9.90E+09
0.87034,2.2747,9.88E+09
0.83848,2.3978,9.86E+09
0.85209,2.7302,9.85E+09
0.82781,2.5045,9.85E+09
0.85995,2.4395,9.84E+09
0.83469,2.2519,9.83E+09
0.83623,2.0822,9.82E+09
0.85616,1.8728,9.81E+09
0.86276,1.8215,9.81E+09
0.93757,1.5873,9.81E+09
1.0364,1.5361,9.80E+09
0.96845,1.3979,9.80E+09
0.99006,1.255,9.80E+09
1.0243,1.2202,9.79E+09
1.0663,1.1227,9.79E+09
0.90669,1.1026,9.77E+09
0.88858,1.0516,9.78E+09
0.8163,1.0419,9.77E+09
0.8709,0.97916,9.77E+09
0.84479,0.98593,9.77E+09
0.84409,0.93438,9.78E+09
0.8563,0.96035,9.77E+09
0.84213,0.93311,9.77E+09
0.81742,0.91361,9.77E+09
0.83834,0.93497,9.77E+09
0.83946,0.91459,9.78E+09
0.82149,0.89303,9.77E+09
0.8076,0.91478,9.77E+09
0.79735,0.90939,9.77E+09
0.88676,0.89205,9.76E+09
0.85518,0.88969,9.77E+09
0.90795,0.88872,9.77E+09
0.98978,0.89185,9.77E+09
0.99525,0.92027,9.77E+09
0.95652,0.86363,9.77E+09
1.065,0.86902,9.77E+09
1.1818,0.86657,9.77E+09
1.0994,0.89028,9.77E+09
1.0928,0.88146,9.78E+09
0.96157,0.87686,9.78E+09
0.93378,0.87695,9.77E+09
0.89293,0.89244,9.78E+09
0.8956,0.86412,9.78E+09
0.88367,0.86931,9.76E+09
0.87371,0.86333,9.78E+09
0.85869,0.87098,9.79E+09
0.88606,0.87568,9.80E+09
0.93869,0.87666,9.79E+09
0.91918,0.83678,9.78E+09
0.93027,0.84962,9.77E+09
0.89785,0.86412,9.77E+09
0.86444,0.86608,9.76E+09
0.85069,0.87999,9.76E+09
0.85953,0.85843,9.76E+09
0.83693,0.85873,9.76E+09
0.84114,0.85824,9.77E+09
0.79651,0.85696,9.79E+09
0.79511,0.80101,9.80E+09
0.80184,0.85226,9.79E+09
0.81883,0.84756,9.79E+09
0.77293,0.82227,9.78E+09
0.83104,0.83433,9.78E+09
0.83735,0.87735,9.78E+09
0.85869,0.83903,9.78E+09
0.86486,0.84991,9.78E+09
0.83778,0.85853,9.79E+09
0.88999,0.86451,9.80E+09
0.96325,0.8701,9.79E+09
0.88072,0.8453,9.79E+09
0.94402,0.8553,9.80E+09
0.97631,0.90733,9.81E+09
1.007,0.84962,9.81E+09
1.0688,0.85275,9.81E+09
1.0409,0.85402,9.81E+09
1.0114,0.855,9.79E+09
1.0426,0.84736,9.79E+09
0.98557,0.90214,9.78E+09
0.88255,0.83119,9.78E+09
0.85771,0.86167,9.78E+09
0.84999,0.87284,9.77E+09
0.83637,0.88587,9.76E+09
0.86121,0.86539,9.75E+09
0.79735,0.86637,9.76E+09
0.85181,0.88254,9.78E+09
0.84157,0.85157,9.78E+09
0.87722,0.84912,9.79E+09
0.89771,0.86549,9.83E+09
0.95034,0.84226,9.84E+09
0.9815,0.85843,9.85E+09
0.98936,0.85128,9.86E+09
1.0266,0.86157,9.88E+09
1.0518,0.84589,9.88E+09
1.0803,0.85961,9.88E+09
1.0706,0.85951,9.86E+09
1.0699,0.8504,9.85E+09
1.1492,0.85863,9.85E+09
1.1808,0.86618,9.84E+09
1.0941,0.87274,9.83E+09
0.92395,0.85373,9.82E+09
0.87413,0.88862,9.81E+09
0.88999,0.89479,9.81E+09
0.86921,0.87401,9.82E+09
0.85911,0.85216,9.82E+09
0.88086,0.88019,9.83E+09
0.85771,0.86402,9.82E+09
0.87034,0.88744,9.82E+09
0.92929,0.86235,9.83E+09
0.95315,0.88274,9.82E+09
1.039,0.87029,9.83E+09
1.036,0.87264,9.84E+09
1.0289,0.8603,1.00E+10
0.98374,0.88382,1.02E+10
1.0956,0.88548,1.02E+10
0.92353,0.82904,1.01E+10
0.95329,0.86578,1.01E+10
0.85644,0.82139,1.00E+10
0.92901,0.85344,9.99E+09
0.90501,0.87068,9.96E+09
1.0409,0.85246,9.94E+09
1.092,0.87764,9.92E+09
1.0508,0.86079,9.91E+09
1.056,0.86431,9.90E+09
1.064,0.86833,9.89E+09
0.98262,0.8501,9.89E+09
0.90571,0.88274,9.87E+09
0.89069,0.88195,9.85E+09
0.84283,0.83962,9.85E+09
0.80325,0.87656,9.84E+09
0.86065,0.88411,9.83E+09
0.84044,0.92478,9.83E+09
0.84465,0.92389,9.83E+09
0.88409,0.92389,9.82E+09
0.93027,0.88009,9.83E+09
0.9881,0.88901,9.81E+09
1.025,0.88489,9.81E+09
1.0703,0.89841,9.80E+09
1.1996,0.90047,9.79E+09
1.1487,0.87019,9.79E+09
1.2412,0.86872,9.79E+09
1.236,0.88166,9.79E+09
1.2351,0.89097,9.79E+09
1.1339,0.87499,9.78E+09
1.0399,0.89988,9.77E+09
0.96831,0.899,9.77E+09
0.91343,0.89734,9.77E+09
0.92311,0.91361,9.76E+09
0.87553,0.87049,9.77E+09
0.84999,0.87147,9.77E+09
0.88016,0.91037,9.77E+09
0.80662,0.89332,9.76E+09
0.83932,0.93242,9.76E+09
0.83174,0.91292,9.76E+09
0.82402,0.89234,9.76E+09
0.87314,0.93781,9.76E+09
0.80367,0.91645,9.75E+09
0.83048,0.92331,9.75E+09
0.87399,0.92977,9.75E+09
0.95918,0.94036,9.76E+09
1.0195,0.9238,9.75E+09
1.0114,1.0336,9.75E+09
1.0167,1.0155,9.76E+09
1.0379,0.9725,9.77E+09
1.0191,0.97612,9.76E+09
0.93757,1.183,9.76E+09
0.9728,1.148,9.75E+09
0.99581,1.1848,9.76E+09
1.0657,1.0829,9.76E+09
1.2292,1.083,9.77E+09
1.1473,1.096,9.77E+09
1.2212,1.0578,9.77E+09
1.2313,1.0548,9.83E+09
1.315,1.0435,1.00E+10
1.4167,1.1198,1.03E+10
1.225,1.2389,1.04E+10
1.3631,1.5832,1.03E+10
1.2744,1.6694,1.02E+10
1.1777,1.9052,1.01E+10
1.3685,2.1973,1.00E+10
1.3073,2.6516,1.00E+10
1.3376,2.8192,9.96E+09
1.099,2.7996,9.92E+09
1.0668,2.8013,9.90E+09
1.0177,2.6775,9.88E+09
1.1366,2.8516,9.86E+09
1.3119,2.4843,9.84E+09
1.2555,2.1163,9.84E+09
1.4094,2.2561,9.84E+09
1.1884,1.9193,9.85E+09
1.2367,1.7925,9.85E+09
1.2734,1.6692,9.84E+09
1.3584,1.5097,9.83E+09
1.3407,1.3191,9.83E+09
1.088,1.3093,9.82E+09
1.1555,1.2463,9.81E+09
1.0845,1.1568,9.80E+09
0.94669,1.1279,9.81E+09
0.87792,1.0333,9.80E+09
0.89644,1.0456,9.79E+09
0.87343,1.0234,9.78E+09
0.857,0.99063,9.79E+09
0.91062,0.98122,9.77E+09
0.94571,0.95349,9.78E+09
1.0402,0.93967,9.76E+09
1.1007,0.9039,9.76E+09
1.2326,0.91733,9.76E+09
1.2572,0.93712,9.76E+09
1.2559,0.93075,9.75E+09
1.3957,0.91135,9.75E+09
1.3932,0.92791,9.74E+09
1.6229,0.91409,9.74E+09
1.6218,0.93124,9.75E+09
1.4796,0.909,9.75E+09
1.7332,0.89704,9.75E+09
1.3561,0.87833,9.74E+09
1.216,0.85481,9.73E+09
1.3431,0.91243,9.73E+09
1.3028,0.88117,9.73E+09
1.3475,0.86627,9.74E+09
1.3286,0.89518,9.75E+09
1.4417,0.84452,9.74E+09
1.4141,0.87627,9.75E+09
1.4803,0.85569,9.74E+09
1.5082,0.90459,9.75E+09
1.5762,0.84422,9.76E+09
1.4892,0.89979,9.76E+09
1.5979,0.86696,9.75E+09
1.4472,0.88529,9.75E+09
1.7728,0.89283,9.74E+09
1.4792,0.88352,9.74E+09
1.5713,0.86265,9.74E+09
1.5985,0.86598,9.74E+09
1.7292,0.8552,9.74E+09
1.4942,0.8843,9.75E+09
1.5885,0.86559,9.74E+09
1.4515,0.87176,9.75E+09
1.3689,0.87441,9.76E+09
1.3043,0.88489,9.75E+09
1.0894,0.88872,9.75E+09
1.042,0.86079,9.75E+09
0.91651,0.89166,9.74E+09
0.87539,0.87431,9.74E+09
0.93532,0.89694,9.74E+09
0.97167,0.91449,9.74E+09
1.0407,0.86774,9.74E+09
1.1548,0.87196,9.74E+09
1.096,0.86667,9.74E+09
1.1437,0.86706,9.74E+09
1.1522,0.85687,9.74E+09
1.13,0.88636,9.76E+09
1.1436,0.87078,9.79E+09
1.1463,0.85314,9.79E+09
0.96367,0.86098,9.80E+09
0.94051,0.87411,9.79E+09
0.86065,0.86206,9.79E+09
0.83427,0.87852,9.79E+09
0.87343,0.86177,9.77E+09
0.88157,0.90606,9.76E+09
0.97069,0.86706,9.77E+09
1.0536,0.86931,9.77E+09
1.0243,0.88421,9.77E+09
1.0497,0.8502,9.77E+09
1.0044,0.84471,9.76E+09
1.0106,0.88019,9.76E+09
0.96718,0.8602,9.75E+09
1.0223,0.86,9.76E+09
1.0122,0.86363,9.76E+09
0.94136,0.90292,9.75E+09
0.95876,0.87646,9.75E+09
1.0051,0.87666,9.76E+09
0.96929,0.83962,9.77E+09
1.0177,0.91674,9.76E+09
1.0702,0.92017,9.76E+09
1.0876,0.9088,9.76E+09
1.2435,0.8698,9.75E+09
1.1202,0.88979,9.75E+09
1.0013,0.87078,9.83E+09
0.96325,0.91674,9.97E+09
0.88915,0.88029,9.95E+09
0.86276,0.92066,9.89E+09
0.83469,0.86059,9.85E+09
0.8062,0.899,9.83E+09
0.82149,0.90655,9.80E+09
0.81967,0.8942,9.79E+09
0.91329,0.88254,9.78E+09
0.95188,0.88822,9.77E+09
0.92858,0.84305,9.76E+09
0.99483,0.84521,9.75E+09
1.0463,0.88156,9.74E+09
1.0894,0.89499,9.75E+09
1.0962,0.8701,9.75E+09
1.0964,0.8747,9.74E+09
0.97967,0.87431,9.74E+09
0.90571,0.8942,9.73E+09
0.89813,0.85971,9.73E+09
0.82978,0.8795,9.74E+09
0.84606,0.87539,9.73E+09
0.84002,0.8405,9.73E+09
0.81448,0.85971,9.73E+09
0.82037,0.87,9.72E+09
0.82949,0.84795,9.72E+09
0.83595,0.87088,9.72E+09
0.86529,0.86931,9.72E+09
0.9109,0.87039,9.72E+09
0.98346,0.88499,9.72E+09
1.0433,0.88195,9.72E+09
1.0061,0.87862,9.72E+09
1.1666,0.88666,9.73E+09
1.1633,0.87431,9.73E+09
1.146,0.89773,9.74E+09
1.1481,0.87127,9.74E+09
0.98192,0.88577,9.73E+09
0.88437,0.8796,9.73E+09
0.89602,0.88117,9.73E+09
0.83483,0.89234,9.73E+09
0.93406,0.85559,9.72E+09
0.9349,0.86823,9.71E+09
0.95329,0.88401,9.75E+09
1.01,0.85461,9.76E+09
1.0097,0.86598,9.74E+09
1.059,0.89606,9.74E+09
1.1012,0.87862,9.73E+09
1.1522,0.86216,9.73E+09
1.1863,0.85599,9.72E+09
1.0484,0.83491,9.73E+09
0.97097,0.88019,9.73E+09
0.96915,0.87607,9.74E+09
0.85546,0.84207,9.74E+09
0.94262,0.87637,9.73E+09
1.0006,0.87068,9.73E+09
0.94992,0.89665,9.73E+09
0.91146,0.87695,9.73E+09
0.86458,0.89704,9.73E+09
0.86416,0.85726,9.73E+09
0.82963,0.82492,9.74E+09
0.83188,0.84638,9.73E+09
0.82879,0.88264,9.73E+09
0.85448,0.85569,9.72E+09
0.85209,0.87205,9.73E+09
0.83062,0.85099,9.73E+09
0.86992,0.8847,9.73E+09
0.91062,0.89851,9.74E+09
1.0167,0.88891,9.75E+09
0.93266,0.89881,9.76E+09
0.93518,0.88176,9.76E+09
1.011,0.88548,9.77E+09
0.98683,0.85206,9.76E+09
1.007,0.89734,9.75E+09
1.0386,0.93213,9.74E+09
1.0419,0.8847,9.75E+09
1.0684,0.89381,9.79E+09
0.99385,0.88499,9.82E+09
0.87665,0.88636,9.82E+09
0.86557,0.87098,1.01E+10
0.82739,0.90312,1.02E+10
0.79413,0.89783,1.02E+10
0.83525,0.85167,1.01E+10
0.8775,0.89832,1.01E+10
0.95932,0.8843,9.99E+09
1.0362,0.94114,9.94E+09
1.0027,0.92291,9.91E+09
1.0014,0.91576,9.89E+09
0.9822,0.93164,9.86E+09
0.99778,0.88372,9.84E+09
0.96802,0.90028,9.83E+09
0.93953,0.92723,9.81E+09
0.91104,0.91096,9.80E+09
0.89518,0.89969,9.80E+09
0.8236,0.87519,9.79E+09
0.89083,0.87382,9.78E+09
0.82234,0.91351,9.77E+09
0.80774,0.8798,9.77E+09
0.80718,0.95016,9.77E+09
0.80788,0.93663,9.77E+09
0.80283,0.90096,9.77E+09
0.7603,0.91841,9.77E+09
0.76269,0.87686,9.77E+09
0.80156,0.88695,9.78E+09
0.87258,0.90263,9.78E+09
0.92199,0.86735,9.77E+09
0.98487,0.85745,9.77E+09
0.9742,0.87088,9.78E+09
0.94388,0.87911,9.77E+09
0.96409,0.85412,9.76E+09
0.8949,0.85324,9.76E+09
0.88592,0.87352,9.76E+09
0.85728,0.85883,9.76E+09
0.82374,0.87764,9.75E+09
0.80844,0.86294,9.74E+09
0.83132,0.87352,9.74E+09
0.81462,0.91988,9.73E+09
0.82613,0.87108,9.74E+09
0.85939,0.87735,9.73E+09
0.9036,0.92556,9.73E+09
0.97167,0.87098,9.72E+09
0.97995,0.89626,9.72E+09
0.96395,0.88254,9.72E+09
0.93995,0.89832,9.72E+09
0.88858,0.98436,9.72E+09
0.92536,0.96123,9.71E+09
0.86079,0.95829,9.71E+09
0.90458,1.0007,9.71E+09
0.90641,1.002,9.71E+09
0.90571,1.0038,9.70E+09
0.91581,0.9579,9.71E+09
0.86332,0.97152,9.71E+09
0.84493,0.97054,9.70E+09
0.88493,0.95084,9.70E+09
0.85279,0.96123,9.71E+09
0.82949,0.96123,9.71E+09
0.85237,0.9775,9.70E+09
0.81827,0.99484,9.70E+09
0.83399,0.98044,9.70E+09
0.79413,1.066,9.71E+09
0.85672,1.1057,9.72E+09
0.84185,1.1051,9.72E+09
0.89967,1.0598,9.72E+09
0.9415,1.0503,9.72E+09
0.95245,1.018,9.72E+09
1.0282,1.0465,9.73E+09
1.0211,1.1693,9.73E+09
0.94094,1.1754,9.73E+09
0.90164,1.188,9.72E+09
0.86093,1.3763,9.71E+09
0.85771,1.3286,9.71E+09
0.84578,1.1745,9.72E+09
0.81209,1.1618,9.72E+09
0.79665,1.1057,9.72E+09
0.81855,1.1239,9.73E+09
0.82781,1.1854,9.73E+09
0.82149,1.0926,9.74E+09
0.82893,1.1014,9.74E+09
0.8302,1.0911,9.73E+09
0.79539,1.0937,9.73E+09
0.81434,0.98916,9.73E+09
0.82514,1.0121,9.73E+09
0.84802,0.97152,9.72E+09
0.86964,0.94467,9.75E+09
0.92044,0.94085,9.75E+09
1.0111,0.9431,9.74E+09
1.0449,0.90557,9.73E+09
1.0856,0.91174,9.72E+09
1.1596,0.91184,9.73E+09
1.1098,0.91253,9.72E+09
1.0242,0.91664,9.73E+09
0.96241,0.86941,9.72E+09
0.90178,0.8797,9.71E+09
0.87034,0.8892,9.71E+09
0.84199,0.89224,9.71E+09
0.81139,0.89508,9.70E+09
0.8549,0.87098,9.70E+09
0.82879,0.92409,9.69E+09
0.88844,0.91811,9.69E+09
0.91301,0.92135,9.70E+09
0.89574,0.90116,9.70E+09
0.99203,0.89028,9.71E+09
1.0052,0.86402,9.71E+09
0.97645,0.8895,9.71E+09
1.1074,0.88646,9.71E+09
1.0922,0.88244,9.71E+09
1.1153,0.8649,9.71E+09
1.1585,0.89342,9.72E+09
1.1675,0.87892,9.72E+09
1.1327,0.87754,9.71E+09
1.0755,0.87098,9.71E+09
0.98304,0.90851,9.71E+09
0.93785,0.83354,9.70E+09
0.8942,0.89401,9.70E+09
0.87357,0.92135,9.69E+09
0.83258,0.89822,9.70E+09
0.89841,0.8504,9.70E+09
0.96059,0.86333,9.71E+09
0.9895,0.87568,9.70E+09
1.0517,0.8993,9.71E+09
1.1407,0.88666,9.71E+09
1.3293,0.86392,9.71E+09
1.2479,0.91341,9.70E+09
1.1616,0.8994,9.70E+09
0.99539,0.87715,9.70E+09
0.97195,0.86333,9.70E+09
0.93013,0.85559,9.69E+09
0.93757,0.84246,9.69E+09
0.86571,0.84471,9.69E+09
0.90767,0.89548,9.71E+09
0.86893,0.87745,9.71E+09
0.89434,0.86637,9.70E+09
0.9196,0.8502,9.70E+09
0.86599,0.89861,9.70E+09
0.8862,0.86235,9.70E+09
0.87553,0.85716,9.71E+09
0.89939,0.8699,9.70E+09
0.8476,0.84481,9.76E+09
0.88634,0.85981,9.82E+09
0.84241,0.87519,9.79E+09
0.88437,0.86324,9.76E+09
0.9735,0.8797,9.74E+09
0.98852,0.88156,9.72E+09
1.0945,0.86764,9.73E+09
1.1826,0.8454,9.72E+09
1.1925,0.87901,9.72E+09
1.1452,0.87637,9.72E+09
1.3176,0.86421,9.73E+09
1.3033,0.9039,9.72E+09
1.3415,0.90733,9.72E+09
1.4205,0.90802,9.72E+09
1.424,0.87049,9.71E+09
1.2375,0.85216,9.72E+09
1.1099,0.87411,9.71E+09
1.0236,0.87607,9.71E+09
0.96606,0.91703,9.71E+09
0.93378,0.87,9.72E+09
0.95188,0.87813,9.72E+09
0.9415,0.86902,9.72E+09
0.89322,0.85442,9.72E+09
0.92437,0.86451,9.73E+09
1.0501,0.87294,9.79E+09
1.0559,0.87137,1.00E+10
1.1081,0.88382,1.02E+10
1.0925,0.87568,1.02E+10
1.1774,0.89332,1.01E+10
1.2362,0.8991,1.00E+10
1.3043,0.83227,9.99E+09
1.2469,0.86568,9.94E+09
1.1147,0.87098,9.90E+09
1.0077,0.86823,9.88E+09
0.90809,0.82129,9.87E+09
0.87665,0.84795,9.85E+09
0.83721,0.85883,9.84E+09
0.88536,0.83217,9.85E+09
0.889,0.85442,9.84E+09
0.94304,0.84285,9.83E+09
0.89939,0.83364,9.80E+09
0.91511,0.87656,9.79E+09
0.86458,0.90861,9.79E+09
0.91146,0.84521,9.77E+09
0.84634,0.86441,9.77E+09
0.86402,0.86667,9.77E+09
0.88606,0.86764,9.76E+09
0.9568,0.8554,9.75E+09
0.95862,0.8358,9.75E+09
1.0275,0.87264,9.74E+09
1.066,0.90841,9.74E+09
1.0826,0.8553,9.73E+09
1.01,0.85148,9.73E+09
0.96788,0.87186,9.73E+09
0.96311,0.87313,9.73E+09
0.9015,0.8697,9.73E+09
0.89153,0.87264,9.74E+09
0.86234,0.88176,9.74E+09
0.86206,0.87842,9.76E+09
0.83174,0.83795,9.75E+09
0.85588,0.83286,9.76E+09
0.8629,0.84785,9.75E+09
0.8956,0.87215,9.75E+09
0.98866,0.85736,9.74E+09
0.98346,0.85912,9.75E+09
1.0381,0.85706,9.74E+09
1.0473,0.84168,9.74E+09
1.0122,0.86363,9.73E+09
1.0006,0.87078,9.73E+09
0.88985,0.83364,9.73E+09
0.88479,0.84971,9.74E+09
0.92732,0.87333,9.73E+09
0.92957,0.85677,9.73E+09
0.92999,0.84648,9.73E+09
0.96395,0.87842,9.72E+09
0.90837,0.86843,9.72E+09
0.93462,0.90263,9.71E+09
0.97322,0.88724,9.71E+09
1.0593,0.87627,9.71E+09
0.99455,0.85637,9.71E+09
1.1174,0.85883,9.71E+09
1.0824,0.86529,9.73E+09
1.1015,0.86549,9.72E+09
1.1523,0.87627,9.73E+09
1.2915,0.85843,9.72E+09
1.1489,0.85197,9.73E+09
1.2138,0.87793,9.73E+09
1.2242,0.84403,9.74E+09
1.1042,0.85637,9.75E+09
1.0501,0.85667,9.80E+09
0.99385,0.87519,9.84E+09
0.98108,0.85902,1.00E+10
0.85771,0.88489,1.02E+10
0.86374,0.86314,1.02E+10
0.92592,0.88205,1.02E+10
0.88536,0.90283,1.01E+10
0.87932,0.89244,1.01E+10
0.88718,0.91409,1.00E+10
0.8869,0.8893,9.97E+09
0.86529,0.88019,9.96E+09
0.90079,0.90018,9.94E+09
0.90767,0.8844,9.91E+09
0.93855,0.88479,9.91E+09
0.96494,0.88244,9.91E+09
1.0139,0.87068,9.89E+09
0.95076,0.84844,9.88E+09
0.97097,0.85873,9.88E+09
1.0016,0.88274,9.87E+09
1.0042,0.87852,9.86E+09
1.001,0.87882,9.85E+09
1.0646,0.82541,9.85E+09
1.0854,0.85481,9.85E+09
1.1336,0.87539,9.84E+09
1.1634,0.88136,9.84E+09
1.1363,0.89361,9.83E+09
1.1181,0.85716,9.82E+09
1.1332,0.8407,9.82E+09
1.0447,0.85775,9.80E+09
0.98248,0.86686,9.81E+09
0.94781,0.87274,9.80E+09
0.90164,0.89871,9.80E+09
0.90262,0.88891,9.79E+09
0.81995,0.86147,9.79E+09
0.87862,0.87921,9.79E+09
0.88886,0.87127,9.78E+09
0.89715,0.88734,9.77E+09
0.92662,0.91076,9.77E+09
0.86992,0.91125,9.76E+09
0.96999,0.87695,9.76E+09
0.9575,0.91223,9.75E+09
1.1082,0.85647,9.75E+09
1.0434,0.89116,9.75E+09
1.0868,0.88382,9.74E+09
1.0622,0.87539,9.74E+09
1.0193,0.85059,9.74E+09
0.97757,0.87098,9.75E+09
0.95357,0.8843,9.74E+09
0.86809,0.9043,9.74E+09
0.85462,0.87421,9.73E+09
0.90557,0.84765,9.73E+09
0.80311,1.0971,9.74E+09
0.87834,1.0011,9.74E+09
0.9422,0.99867,9.74E+09
0.89672,0.96691,9.73E+09
0.87806,0.92439,9.74E+09
0.88157,0.89704,9.74E+09
0.90823,0.91988,9.75E+09
0.84213,0.90596,9.75E+09
0.83974,0.89675,9.75E+09
0.86444,0.89391,9.74E+09
0.85083,0.87245,9.74E+09
0.83707,0.88764,9.73E+09
0.88479,0.90861,9.74E+09
0.86711,0.9042,9.74E+09
0.8629,0.87176,9.74E+09
0.91006,0.88519,9.73E+09
0.93097,0.90606,9.73E+09
1.0108,0.89597,9.74E+09
1.0337,0.89518,9.73E+09
1.0149,0.86902,9.73E+09
0.91904,0.89704,9.73E+09
0.88943,0.89616,9.74E+09
0.87988,0.91703,9.73E+09
0.91876,0.89998,9.73E+09
0.93251,0.91635,9.73E+09
0.89686,0.89283,9.73E+09
0.94908,0.86853,9.73E+09
0.92915,0.88577,9.74E+09
0.89167,0.89518,9.74E+09
0.90809,0.90478,9.73E+09
0.90922,0.91517,9.73E+09
0.88788,0.93967,9.73E+09
0.86051,0.953,9.77E+09
0.88129,0.94349,9.78E+09
0.86374,0.91811,9.78E+09
0.9262,0.92987,9.77E+09
0.92774,0.93085,9.76E+09
0.87651,0.89107,9.75E+09
0.84774,0.89224,9.76E+09
0.82963,0.95192,9.77E+09
0.85195,0.91135,9.76E+09
0.85434,0.84148,9.75E+09
0.89322,0.9043,9.73E+09
0.92143,0.8992,9.73E+09
0.9655,0.86657,9.74E+09
1.0018,0.89234,9.72E+09
1.105,0.8944,9.72E+09
1.0953,0.84903,9.72E+09
1.0928,0.88156,9.71E+09
0.96564,0.89871,9.71E+09
1.0091,0.86451,9.70E+09
0.96101,0.8845,9.71E+09
0.93434,0.87039,9.71E+09
1.01,0.87627,9.71E+09
1.0594,0.91204,9.71E+09
1.0014,0.91997,9.71E+09
0.97981,0.94144,9.72E+09
0.93743,0.92615,9.72E+09
0.98922,0.88999,9.73E+09
1.0016,0.93438,9.73E+09
1.0113,0.90998,9.74E+09
1.0061,0.88038,9.73E+09
1.0468,0.8994,9.74E+09
1.0816,0.89293,9.73E+09
1.1338,0.8847,9.75E+09
1.1836,0.90302,9.74E+09
1.1425,0.87068,9.89E+09
1.137,0.86421,1.01E+10
1.0783,0.86725,1.00E+10
1.02,0.89587,9.99E+09
1.0671,0.86657,9.94E+09
1.0778,0.86363,9.91E+09
1.1895,0.83991,9.89E+09
1.1108,0.88088,9.87E+09
1.2449,0.83491,9.86E+09
1.2063,0.90096,9.85E+09
1.2298,0.87774,9.83E+09
1.1186,0.84815,9.82E+09
1.0099,0.86039,9.82E+09
0.94206,0.85971,9.82E+09
0.9262,0.88225,9.81E+09
0.9676,0.93957,9.80E+09
1.0291,0.92811,9.80E+09
1.0428,0.87588,9.80E+09
1.0659,0.90145,9.79E+09
1.0244,0.91419,9.78E+09
1.0176,0.9041,9.77E+09
0.98641,0.90449,9.77E+09
0.96395,0.89489,9.76E+09
0.9015,0.89175,9.76E+09
0.89378,0.88362,9.77E+09
0.87609,0.8795,9.76E+09
0.84409,0.89959,9.76E+09
0.92802,0.96946,9.76E+09
0.97181,0.91272,9.75E+09
1.0242,0.92536,9.75E+09
1.0435,0.93801,9.75E+09
1.0653,0.93193,9.75E+09
1.0994,0.91086,9.75E+09
1.1165,0.90724,9.74E+09
1.107,0.88568,9.74E+09
1.1642,0.90214,9.74E+09
1.1221,0.92723,9.73E+09
1.0623,0.93477,9.72E+09
1.0167,0.90978,9.73E+09
0.9749,0.9139,9.73E+09
0.9262,0.89704,9.73E+09
0.86107,0.92046,9.72E+09
0.88115,0.91811,9.72E+09
0.85223,0.88332,9.72E+09
0.86192,0.88832,9.72E+09
0.85434,0.87539,9.72E+09
0.90444,0.92448,9.72E+09
0.97785,0.87441,9.73E+09
0.9575,0.93017,9.72E+09
0.99708,0.8992,9.73E+09
1.0414,0.90302,9.74E+09
0.94543,0.91262,9.73E+09
0.97925,0.88127,9.73E+09
0.9349,0.88989,9.73E+09
1.019,0.87911,9.73E+09
1.0011,0.87372,9.72E+09
0.98108,0.87646,9.71E+09
0.91413,0.86911,9.71E+09
0.85771,0.88911,9.71E+09
0.86234,0.89969,9.70E+09
0.84957,0.88009,9.70E+09
0.83974,0.92419,9.71E+09
0.82416,0.89303,9.71E+09
0.85981,0.91076,9.70E+09
0.93546,0.8991,9.71E+09
0.9902,0.87666,9.71E+09
1.0215,0.85167,9.71E+09
1.047,0.87431,9.71E+09
1.0228,0.87078,9.71E+09
1.0108,0.88577,9.72E+09
0.91272,0.8893,9.72E+09
0.91287,0.90645,9.73E+09
0.86865,0.90625,9.72E+09
0.87932,0.91772,9.72E+09
0.88802,0.9236,9.74E+09
0.84395,0.8896,9.75E+09
0.83749,0.87999,9.75E+09
0.84423,0.90478,9.75E+09
0.85785,0.88019,9.74E+09
0.90613,0.8699,9.74E+09
0.91932,0.89028,9.73E+09
0.97911,0.90822,9.72E+09
1.0341,0.88205,9.72E+09
1.0354,0.89998,9.72E+09
0.99904,0.86294,9.74E+09
0.93448,0.90175,9.85E+09
0.91357,0.89263,1.02E+10
0.93883,0.89891,1.04E+10
0.89897,0.85255,1.03E+10
0.93827,0.92693,1.02E+10
0.90486,0.94447,1.01E+10
0.88999,0.94163,1.01E+10
0.90318,0.90596,1.00E+10
0.87413,0.96564,9.98E+09
0.86921,0.92429,9.94E+09
0.88971,0.93399,9.91E+09
0.8389,0.91968,9.90E+09
0.91104,0.90047,9.87E+09
0.92297,0.90459,9.85E+09
0.94346,0.90478,9.84E+09
0.94332,0.90753,9.83E+09
0.91329,0.93026,9.82E+09
0.89392,0.93967,9.81E+09
0.90248,0.95496,9.81E+09
0.91525,0.95241,9.80E+09
0.87806,0.93869,9.79E+09
0.84185,0.9385,9.78E+09
0.87764,0.95466,9.77E+09
0.87132,0.89312,9.78E+09
0.85125,0.89518,9.77E+09
0.85251,0.88969,9.77E+09
0.85111,0.91165,9.76E+09
0.85644,0.88352,9.76E+09
0.87469,0.89214,9.76E+09
0.84872,0.89528,9.76E+09
0.89813,0.88842,9.75E+09
0.94318,0.91115,9.75E+09
0.96016,0.88597,9.75E+09
1.0337,0.88117,9.76E+09
1.1033,0.90782,9.75E+09
1.0746,0.90185,9.74E+09
1.2148,0.90724,9.74E+09
1.2675,0.8941,9.74E+09
1.1377,0.87499,9.75E+09
1.1162,0.89881,9.75E+09
1.0221,0.89557,9.75E+09
0.93083,0.91312,9.74E+09
0.90065,0.89048,9.74E+09
0.96438,0.89195,9.74E+09
1.0277,0.9235,9.74E+09
1.039,0.91517,9.73E+09
1.0038,0.90292,9.73E+09
0.94234,0.90557,9.74E+09
0.91483,0.87745,9.73E+09
0.8949,0.89469,9.73E+09
0.89462,0.91576,9.72E+09
0.94641,0.90234,9.73E+09
0.95273,0.93693,9.73E+09
1.1214,0.89499,9.73E+09
1.0033,0.92213,9.73E+09
0.9655,0.93418,9.72E+09
0.97729,0.89675,9.72E+09
0.99778,0.92586,9.72E+09
1.0542,0.90616,9.73E+09
1.0468,0.89401,9.72E+09
0.95652,0.99367,9.72E+09
0.95708,1.1065,9.71E+09
0.97266,1.0575,9.72E+09
1.0893,0.99396,9.72E+09
1.025,1.0642,9.72E+09
0.95497,1.0478,9.73E+09
0.93139,1.0199,9.74E+09
0.89546,1.0463,9.74E+09
0.89799,1.0465,9.74E+09
0.89771,0.99641,9.73E+09
0.89883,1.0258,9.74E+09
0.9822,1.0228,9.75E+09
1.0076,1.2345,9.76E+09
1.0776,1.361,9.84E+09
1.0963,1.3157,9.86E+09
1.0768,1.3992,9.84E+09
0.94711,1.7175,9.83E+09
0.99834,1.8474,9.82E+09
0.91497,2.0599,9.81E+09
0.93939,2.242,9.80E+09
0.90571,2.1137,9.80E+09
0.96774,2.2991,9.81E+09
0.88564,2.2109,9.81E+09
0.84746,1.996,9.80E+09
0.88367,1.8216,9.80E+09
0.88606,1.7619,9.80E+09
0.89518,1.4889,9.80E+09
0.90023,1.4436,9.79E+09
0.91216,1.3412,9.78E+09
0.89223,1.2409,9.77E+09
0.87946,1.1764,9.76E+09
0.89757,1.1255,9.76E+09
0.87862,1.1174,9.75E+09
0.85686,1.0643,9.74E+09
0.83679,1.0461,9.74E+09
0.89855,1.0436,9.73E+09
0.92016,0.96917,9.73E+09
0.94164,0.98789,9.74E+09
1.0169,1.0151,9.73E+09
1.1359,0.96682,9.73E+09
1.1745,0.9773,9.73E+09
1.2581,0.98877,9.72E+09
1.227,0.9921,9.72E+09
1.2375,0.93448,9.72E+09
1.1896,0.95075,9.72E+09
1.236,0.94251,9.72E+09
1.1686,0.94104,9.73E+09
1.0282,0.92997,9.74E+09
0.9822,0.9235,9.74E+09
1.024,0.9432,9.74E+09
0.93659,0.92615,9.74E+09
0.96269,0.96201,9.73E+09
0.95722,0.93467,9.74E+09
0.99666,0.92781,9.74E+09
1.0451,0.9091,9.74E+09
1.1647,0.90273,9.95E+09
1.1353,0.90155,1.01E+10
1.1613,0.92723,1.01E+10
1.1164,0.91204,1.01E+10
1.1394,0.92252,1.00E+10
1.0296,0.93095,9.99E+09
1.0887,0.8994,9.96E+09
1.0619,0.89734,9.92E+09
1.0972,0.92458,9.88E+09
0.97743,0.9385,9.86E+09
0.90178,0.90371,9.84E+09
0.92578,0.89822,9.83E+09
0.89701,0.91135,9.82E+09
0.89153,0.92017,9.81E+09
0.88451,0.89734,9.82E+09
0.86107,0.92115,9.82E+09
0.87637,0.91488,9.81E+09
0.84521,0.91792,9.80E+09
0.89322,0.90537,9.79E+09
0.90444,0.92899,9.79E+09
0.99904,0.93918,9.78E+09
0.91315,0.95574,9.77E+09
1.0306,0.95349,9.76E+09
1.0643,0.96319,9.76E+09
1.0882,0.95996,9.76E+09
1.0594,0.958,9.75E+09
1.177,0.93948,9.75E+09
1.2117,0.92125,9.74E+09
1.064,0.9677,9.75E+09
0.94122,0.9674,9.74E+09
0.89939,1.022,9.74E+09
0.93925,0.9675,9.73E+09
0.86276,0.93752,9.73E+09
0.86739,0.94202,9.74E+09
0.86739,0.93369,9.73E+09
0.85995,0.98024,9.73E+09
0.83399,0.96672,9.73E+09
0.82767,0.96985,9.73E+09
0.87567,0.95574,9.72E+09
0.82346,0.97338,9.72E+09
0.84325,0.95388,9.72E+09
0.85139,0.91939,9.71E+09
0.86164,0.94418,9.71E+09
0.81686,0.94232,9.71E+09
0.82037,0.93703,9.72E+09
0.83244,0.92468,9.72E+09
0.86557,0.94976,9.72E+09
0.82725,0.96574,9.72E+09
0.89911,0.94859,9.72E+09
0.92213,0.92615,9.70E+09
0.88536,0.98984,9.70E+09
0.96227,0.96182,9.71E+09
1.0205,0.99337,9.70E+09
1.0487,0.99112,9.69E+09
1.0632,0.98034,9.70E+09
1.0751,0.98396,9.70E+09
1.0927,0.96613,9.69E+09
1.0824,0.95408,9.70E+09
1.0376,0.99259,9.71E+09
0.96213,0.98789,9.70E+09
0.91034,0.97671,9.70E+09
0.881,0.9385,9.69E+09
0.86851,0.97906,9.69E+09
0.8615,0.94986,9.69E+09
0.88115,0.93516,9.69E+09
0.85139,0.95114,9.71E+09
0.83876,1.0064,9.72E+09
0.84213,0.99847,9.72E+09
0.83062,0.97142,9.72E+09
0.88999,0.96006,9.71E+09
0.9363,0.96446,9.70E+09
0.97645,0.94624,9.69E+09
1.0411,0.94026,9.70E+09
1.0573,0.93693,9.69E+09
1.1255,0.94898,9.69E+09
1.1179,0.93536,9.70E+09
0.98234,0.93164,9.69E+09
0.92185,0.95506,9.70E+09
0.90304,0.96054,9.69E+09
0.87736,0.97015,9.69E+09
0.88381,0.95966,9.70E+09
0.87343,0.93605,9.69E+09
0.84072,0.96564,9.71E+09
0.85925,0.93967,9.71E+09
0.8483,0.95329,9.74E+09
0.80521,0.94937,9.82E+09
0.85995,0.99053,9.82E+09
0.8142,1.0343,9.85E+09
0.8622,1.0131,1.01E+10
0.93237,1.022,1.02E+10
0.89743,1.0028,1.01E+10
0.91637,0.94722,1.01E+10
0.91357,1.0306,1.01E+10
0.81672,1.0125,1.02E+10
0.88844,1.0064,1.02E+10
0.88592,0.97662,1.01E+10
0.91637,0.99788,1.01E+10
0.95918,1.0167,1.00E+10
1.0609,1.0234,9.97E+09
1.0351,0.99112,9.94E+09
1.0984,0.98249,9.92E+09
1.0744,0.95388,9.88E+09
1.0536,0.95555,9.87E+09
0.93406,0.95751,9.87E+09
0.91511,0.95839,9.86E+09
0.84957,0.95809,9.85E+09
0.81111,0.94242,9.82E+09
0.84957,0.9089,9.81E+09
0.88872,0.9674,9.80E+09
0.87272,0.94114,9.79E+09
0.88199,0.97181,9.77E+09
0.96802,0.93654,9.77E+09
1.0221,0.95604,9.77E+09
1.0619,0.99808,9.76E+09
